Season,Name,Team,Age,G,AB,PA,H,1B,2B,3B,HR,R,RBI,BB,IBB,SO,HBP,SF,SH,GDP,SB,CS,AVG,PlayerId,Position
2019,Tomas Telis,Twins (AAA),28,61,226,241,70,46,16,2,6,30,32,11,0,26,2,2,0,1,0,0,0.309734513,10067,C
2019,Francisco Arcia,Cubs (AAA),29,51,160,171,29,24,5,0,0,12,14,6,1,28,3,1,1,11,0,2,0.18125,10286,C
2019,John Ryan Murphy,Diamondbacks (AAA),28,36,124,136,31,15,7,0,9,26,26,12,1,34,0,0,0,1,0,0,0.25,10346,C
2019,Rocky Gale,Dodgers (AAA),31,30,100,109,25,18,4,1,2,12,14,7,0,24,1,1,0,2,1,0,0.25,10533,C
2019,David Freitas,Brewers (AAA),30,65,234,269,89,65,17,0,7,36,55,30,1,41,2,2,0,12,0,1,0.38034188,10619,C
2019,Carlos Perez,Orioles (AA),28,66,242,267,63,39,14,0,10,25,38,14,1,33,5,5,1,6,0,0,0.260330578,10642,C
2019,Rob Brantly,Phillies (AAA),29,63,195,226,58,38,13,2,5,26,21,27,2,23,4,0,0,7,0,0,0.297435897,10655,C
2019,Cameron Rupp,Athletics (AAA),30,21,62,73,12,6,3,0,3,6,7,7,0,23,3,1,0,1,0,0,0.193548387,11146,C
2019,Cameron Rupp,Tigers (AAA),30,21,71,79,18,12,5,0,1,6,6,6,0,18,2,0,0,3,0,0,0.253521126,11146,C
2019,Bryan Holaday,Marlins (AAA),31,35,93,118,23,14,7,0,2,8,12,17,2,12,5,2,1,5,1,1,0.247311827,11287,C
2019,Elias Diaz,Pirates (AAA),28,7,29,30,12,9,3,0,0,5,4,1,0,5,0,0,0,0,0,0,0.413793103,11680,C
2019,Beau Taylor,Athletics (AAA),29,53,168,214,46,26,12,1,7,35,29,44,1,61,2,0,0,4,0,0,0.273809523,12384,C
2019,Jett Bandy,Rangers (AAA),29,52,173,189,38,22,7,0,9,21,25,9,0,56,6,0,1,5,0,1,0.219653179,12508,C
2019,Raffy Lopez,Braves (AAA),31,14,47,55,15,9,4,0,2,13,7,8,1,12,0,0,0,1,0,0,0.319148936,12606,C
2019,Taylor Davis,Cubs (AAA),29,52,178,213,45,37,3,0,5,21,22,29,0,32,1,1,4,9,0,0,0.252808988,12782,C
2019,Michael Perez,Rays (AAA),26,33,109,128,27,14,5,0,8,17,30,15,0,31,0,4,0,2,0,0,0.247706422,12977,C
2019,Andrew Susac,Royals (AAA),29,26,77,93,18,10,4,0,4,11,15,14,0,24,2,0,0,1,3,2,0.233766233,13132,C
2019,Jose Briceno,Angels (AAA),26,22,79,84,17,10,3,0,4,8,17,3,0,20,2,0,0,4,2,0,0.215189873,13151,C
2019,Spencer Kieboom,Nationals (AA),28,43,140,157,31,23,7,0,1,11,14,15,0,27,0,2,0,2,0,0,0.221428571,13300,C
2019,Oscar Hernandez,Red Sox (AAA),25,33,100,116,23,11,8,0,4,15,14,9,0,22,2,2,2,3,0,0,0.23,13490,C
2019,Jacob Stallings,Pirates (AAA),29,15,51,61,14,3,9,0,2,11,7,4,0,9,4,2,0,0,0,0,0.274509803,13723,C
2019,Tomas Nido,Mets (AAA),25,12,38,40,11,10,1,0,0,3,4,1,0,13,0,1,0,1,0,0,0.289473684,13755,C
2019,Anthony Bemboom,Rays (AAA),29,14,47,50,10,6,3,0,1,7,6,2,0,10,0,1,0,2,0,1,0.212765957,13854,C
2019,Eric Haase,Indians (AAA),26,79,281,321,65,31,8,1,25,58,48,34,0,116,4,2,0,1,1,1,0.231316725,14111,C
2019,Alfredo Gonzalez,White Sox (AA),26,38,111,134,29,19,9,0,1,20,13,19,0,29,0,1,3,0,0,2,0.261261261,14267,C
2019,Alfredo Gonzalez,White Sox (AAA),26,13,44,49,9,7,1,0,1,4,5,5,0,12,0,0,0,2,0,0,0.204545454,14267,C
2019,Joe Hudson,Cardinals (AAA),28,49,165,178,34,20,4,1,9,19,22,10,0,63,1,2,0,7,0,0,0.206060606,14412,C
2019,Stuart Turner,Reds (AAA),27,28,96,102,15,12,2,0,1,8,11,4,0,28,0,0,2,2,0,0,0.15625,15207,C
2019,Austin Wynns,Orioles (AAA),28,41,127,147,28,22,3,0,3,15,18,16,0,26,2,1,1,2,0,0,0.22047244,15271,C
2019,Willians Astudillo,Twins (AAA),27,9,38,40,20,17,0,0,3,10,11,1,0,1,0,1,0,1,1,1,0.526315789,15608,C
2019,Reese McGuire,Blue Jays (AAA),24,72,243,277,60,42,12,1,5,30,29,25,2,44,2,5,2,5,4,0,0.24691358,15674,C
2019,Chance Sisco,Orioles (AAA),24,45,168,196,49,29,10,0,10,31,37,20,0,44,7,1,0,4,0,0,0.291666666,15694,C
2019,Raudy Read,Nationals (AAA),25,60,220,234,57,27,13,2,15,38,45,9,2,42,3,2,0,10,1,1,0.259090909,15766,C
2019,Luis Torrens,Padres (AA),23,72,259,295,76,48,17,1,10,30,48,32,0,54,0,4,0,12,1,2,0.293436293,15905,C
2019,Austin Nola,Mariners (AAA),29,55,196,229,64,41,15,1,7,36,37,29,0,40,2,2,0,7,4,1,0.326530612,15941,C
2019,Nick Ciuffo,Rays (AAA),24,34,123,134,28,18,7,1,2,14,16,9,0,37,0,2,0,2,1,1,0.227642276,16291,C
2019,Francisco Mejia,Padres (AAA),23,18,63,73,23,9,8,2,4,14,12,5,0,10,2,3,0,3,0,0,0.365079365,16403,C
2019,Jacob Nottingham,Brewers (AAA),24,64,217,253,55,33,19,0,3,33,30,24,1,73,9,3,0,5,5,0,0.253456221,16448,C
2019,Isiah Kiner-Falefa,Rangers (AA),24,16,57,67,17,11,4,0,2,7,11,7,0,9,2,1,0,1,1,0,0.298245614,16512,C
2019,Jose Trevino,Rangers (AAA),26,39,144,154,33,21,10,0,2,16,22,8,0,27,0,2,0,5,2,0,0.229166666,16725,C
2019,Aramis Garcia,Giants (AAA),26,69,257,288,66,37,13,2,14,44,46,29,0,92,0,1,1,10,0,2,0.256809338,16925,C
2019,Meibrys Viloria,Royals (AA),22,63,220,248,58,45,12,0,1,21,24,24,0,60,3,0,1,3,2,0,0.263636363,17109,C
2019,Alex Jackson,Braves (AAA),23,69,243,279,58,29,6,0,23,44,53,19,0,89,16,1,0,4,1,0,0.238683127,17276,C
2019,Garrett Stubbs,Astros (AAA),26,47,145,171,35,21,8,0,6,23,17,21,0,26,3,2,0,5,7,1,0.24137931,18067,C
2019,Austin Allen,Padres (AAA),25,48,193,216,58,28,16,0,14,34,41,18,0,43,2,3,0,7,0,0,0.300518134,18083,C
2019,Seby Zavala,White Sox (AAA),25,61,229,251,50,24,10,0,16,40,36,18,0,96,2,2,0,5,0,0,0.218340611,18887,C
2019,Zack Collins,White Sox (AAA),24,61,202,254,54,30,14,1,9,38,51,44,1,73,1,7,0,2,0,0,0.267326732,19181,C
2019,Will Smith,Dodgers (AAA),24,61,223,268,60,27,11,2,20,48,54,39,1,49,3,3,0,5,1,0,0.269058295,19197,C
2019,Jake Rogers,Tigers (AA),24,28,86,112,26,17,3,1,5,17,21,19,0,26,3,4,0,1,0,0,0.302325581,19452,C
2019,Jake Rogers,Tigers (AAA),24,48,166,191,37,17,10,1,9,29,31,18,0,53,6,0,1,2,0,0,0.222891566,19452,C
2019,Andrew Knizner,Cardinals (AAA),24,53,202,228,56,41,8,0,7,32,24,18,1,28,8,0,0,5,2,0,0.277227722,19514,C
2019,Jordan Pacheco,Mariners (AAA),33,23,81,92,22,17,5,0,0,10,7,8,0,16,2,1,0,3,0,0,0.271604938,2677,C
2019,Dioner Navarro,Indians (AAA),35,17,60,68,11,8,2,0,1,6,7,8,0,13,0,0,0,1,0,0,0.183333333,3179,C
2019,Drew Butera,Rockies (AAA),35,46,149,182,43,28,9,1,5,23,22,27,2,35,2,4,0,2,1,0,0.288590604,3411,C
2019,Rene Rivera,Mets (AAA),35,78,286,317,71,45,8,0,18,40,56,22,0,86,4,4,1,14,0,0,0.248251748,3648,C
2019,Chris Stewart,Padres (AAA),37,19,65,73,18,15,2,0,1,9,8,5,0,10,1,1,1,3,0,0,0.276923076,3878,C
2019,Jose Lobaton,Mariners (AAA),34,70,269,297,65,35,18,0,12,32,37,25,0,77,2,1,0,9,1,0,0.241635687,4243,C
2019,Erik Kratz,Yankees (AAA),39,24,76,88,24,14,7,0,3,15,12,11,0,14,1,0,0,1,1,0,0.315789473,4403,C
2019,Stephen Vogt,Giants (AAA),34,17,58,72,14,7,3,0,4,9,7,14,0,11,0,0,0,1,0,0,0.24137931,5000,C
2019,Wilkin Castillo,Marlins (AAA),35,44,142,157,35,22,6,1,6,20,19,13,2,22,1,0,1,2,4,1,0.246478873,5124,C
2019,Tuffy Gosewisch,Brewers (AAA),35,37,83,98,15,11,1,0,3,8,8,10,0,25,4,1,0,2,0,1,0.180722891,5277,C
2019,Juan Graterol,Reds (AAA),30,58,209,226,52,41,8,1,2,19,26,14,0,18,2,1,0,11,0,1,0.248803827,5398,C
2019,Kyle Higashioka,Yankees (AAA),29,53,179,201,48,24,8,0,16,33,40,18,0,42,3,1,0,6,0,0,0.268156424,5517,C
2019,Jesus Sucre,Orioles (AAA),31,49,181,194,52,37,15,0,0,20,19,12,0,29,1,0,0,7,0,0,0.287292817,5942,C
2019,Tony Sanchez,Rangers (AA),31,48,171,195,40,29,9,0,2,18,24,13,0,44,9,2,0,2,0,0,0.233918128,6178,C
2019,Bobby Wilson,Tigers (AAA),36,22,77,86,21,15,2,0,4,11,9,9,0,21,0,0,0,0,0,0,0.272727272,6564,C
2019,Caleb Joseph,Diamondbacks (AAA),33,37,123,138,33,15,10,1,7,22,21,11,0,34,2,2,0,1,0,0,0.268292682,7087,C
2019,Alberto Rosario,Diamondbacks (AAA),32,28,88,98,23,19,3,1,0,10,6,9,2,16,1,0,0,3,0,1,0.261363636,7125,C
2019,Juan Centeno,Red Sox (AAA),29,63,212,236,53,40,10,0,3,22,33,18,1,37,2,3,1,14,1,0,0.25,7168,C
2019,Wilin Rosario,Twins (AAA),30,75,288,313,92,60,18,0,14,50,62,16,0,53,3,4,0,7,1,1,0.319444444,8002,C
2019,Francisco Pena,Giants (AAA),29,45,172,187,57,31,15,0,11,27,32,11,0,28,1,3,0,4,1,0,0.331395348,8298,C
2019,Tim Federowicz,Indians (AAA),31,26,90,103,25,17,6,0,2,7,13,11,0,23,0,1,1,3,0,0,0.277777777,8609,C
2019,Ryan Lavarnway,Yankees (AAA),31,35,108,129,23,18,2,0,3,13,19,17,0,26,3,1,0,3,0,0,0.212962962,8879,C
2019,Chris Herrmann,Athletics (AAA),31,13,51,58,17,9,3,1,4,14,13,6,0,18,0,1,0,0,0,0,0.333333333,9284,C
2019,Adam Moore,Rangers (AAA),35,28,94,111,21,16,2,1,2,11,18,16,0,44,1,0,0,2,0,0,0.223404255,9362,C
2019,Matt McBride,Phillies (AAA),34,43,136,147,32,18,5,0,9,19,27,8,0,33,2,1,0,2,0,1,0.235294117,9373,C
2019,Dustin Garneau,Angels (AAA),31,26,83,98,19,5,8,0,6,16,13,11,0,28,4,0,0,6,0,0,0.228915662,9433,C
2019,Josh Thole,Dodgers (AAA),32,25,74,90,15,12,2,0,1,8,4,14,0,19,1,1,0,1,0,0,0.202702702,9689,C
2019,Josh Thole,Dodgers (AA),32,22,65,74,19,16,3,0,0,7,10,7,0,16,1,1,0,1,0,0,0.292307692,9689,C
2019,Josh Thole,Angels (AAA),32,9,32,37,6,5,0,0,1,4,6,5,0,12,0,0,0,1,0,0,0.1875,9689,C
2019,Steven Baron,Pirates (AAA),28,36,105,118,21,17,2,0,2,15,8,11,0,28,2,0,0,2,0,0,0.2,9787,C
2019,Carter Bins,Mariners (A-),20,33,99,133,17,13,0,0,4,21,11,25,0,38,8,1,0,1,3,1,0.171717171,sa1115884,C
2019,Nick Kahle,Brewers (R),21,25,91,105,23,13,5,0,5,15,17,13,0,21,1,0,0,2,1,0,0.252747252,sa1115979,C
2019,Mitch Calandra,Braves (R),22,16,62,66,17,13,4,0,0,12,4,3,0,12,1,0,0,1,0,0,0.274193548,sa1116000,C
2019,Kyle McCann,Athletics (A-),21,30,106,125,21,15,2,0,4,13,10,17,1,38,2,0,0,3,0,0,0.198113207,sa1159677,C
2019,Jakob Goldfarb,White Sox (R),23,14,39,51,6,4,1,0,1,7,3,9,0,13,3,0,0,0,1,0,0.153846153,sa1159694,C
2019,Eric Yang,Reds (R),21,24,77,97,28,19,6,0,3,13,21,9,0,22,6,4,1,4,0,0,0.363636363,sa1169769,C
2019,Jonathan Embry,Rays (A-),22,14,49,60,7,5,2,0,0,3,5,9,0,13,2,0,0,1,1,1,0.142857142,sa1169879,C
2019,Matt O'Neill,Mets (R),21,13,36,50,7,5,1,1,0,5,3,10,0,12,2,1,1,0,0,0,0.194444444,sa1170279,C
2019,Anthony Mulrine,Angels (R),21,21,61,79,17,9,6,1,1,12,12,7,0,16,10,1,0,2,0,1,0.278688524,sa1170373,C
2019,Ethan Goforth,Pirates (R),22,13,43,47,6,3,2,0,1,3,2,1,0,13,3,0,0,0,0,1,0.139534883,sa1170379,C
2019,Casey Combs,Marlins (R),22,10,24,30,6,6,0,0,0,4,1,2,0,4,2,0,2,0,1,0,0.25,sa1170432,C
2019,Alex Isola,Twins (A),20,13,43,48,11,6,3,0,2,5,6,4,0,6,0,1,0,1,0,0,0.255813953,sa1170516,C
2019,Justin Gomez,Reds (R),22,12,40,45,10,6,2,1,1,4,7,4,0,13,1,0,0,0,1,0,0.25,sa1170620,C
2019,Dylan Shockley,Pirates (R),22,13,42,50,9,7,2,0,0,4,5,3,0,14,3,2,0,0,1,0,0.214285714,sa1170874,C
2019,Ryan Sloniger,Blue Jays (R),22,16,54,63,21,16,0,1,4,11,11,6,0,9,3,0,0,3,0,0,0.388888888,sa1171013,C
2019,Kyle Skeels,Cardinals (R),22,15,54,60,15,12,2,0,1,5,5,3,0,15,2,1,0,2,0,0,0.277777777,sa1171189,C
2019,Anthony Morales,Blue Jays (R),20,12,42,45,6,5,1,0,0,5,2,2,0,12,1,0,0,0,0,0,0.142857142,sa1172775,C
2019,Eric Rodriguez,Indians (A-),20,14,43,49,6,3,3,0,0,2,3,4,0,6,0,1,1,1,0,0,0.139534883,sa185525,C
2019,Luis Santana,Orioles (R),20,20,56,58,9,8,1,0,0,6,3,0,0,7,1,0,1,3,0,0,0.160714285,sa3002629,C
2019,Wilmer Perez,Nationals (A-),21,19,72,80,18,13,3,0,2,10,8,6,0,6,1,1,0,1,0,1,0.25,sa3002634,C
2019,Geraldi Diaz,Nationals (R),18,15,51,57,12,9,2,0,1,8,4,3,0,7,2,0,1,0,0,0,0.235294117,sa3002635,C
2019,Juan Mendez,Phillies (R),20,17,58,70,16,9,5,0,2,9,11,12,0,7,0,0,0,2,2,1,0.275862068,sa3002700,C
2019,Juan Aparicio,Phillies (A-),19,32,107,121,40,25,10,4,1,14,15,9,0,22,5,0,0,0,3,2,0.373831775,sa3002710,C
2019,Axel Andueza,Diamondbacks (R),20,33,136,147,41,33,5,2,1,24,12,7,0,20,1,3,0,9,0,1,0.301470588,sa3002712,C
2019,Freddy Barreto,Phillies (R),19,10,28,34,8,5,3,0,0,2,6,3,0,5,1,2,0,1,0,1,0.285714285,sa3002713,C
2019,Ben Breazeale,Orioles (A),24,60,210,239,49,39,9,0,1,24,21,27,0,50,2,0,0,4,0,1,0.233333333,sa3002753,C
2019,Nic Motley,Rockies (A-),22,12,37,40,8,7,0,0,1,4,3,3,0,13,0,0,0,1,0,0,0.216216216,sa3002761,C
2019,Daulton Varsho,Diamondbacks (AA),22,84,304,351,83,51,18,2,12,59,41,34,1,45,10,3,0,3,16,3,0.273026315,sa3002838,C
2019,Jalen Washington,Padres (A+),24,45,142,164,31,21,5,3,2,18,15,13,0,34,6,2,1,3,4,1,0.218309859,sa3002884,C
2019,Carlos Quintero,Astros (R),19,10,27,32,2,1,1,0,0,1,1,4,0,14,1,0,0,0,0,1,0.074074074,sa3003100,C
2019,Hagen Owenby,Braves (A),23,16,66,71,23,18,2,2,1,6,5,4,0,23,1,0,0,1,0,0,0.348484848,sa3003180,C
2019,Ivan Herrera,Cardinals (A),19,69,248,291,71,53,10,0,8,41,42,35,1,56,5,3,0,11,1,1,0.286290322,sa3003191,C
2019,David Garcia,Rangers (A-),19,28,105,119,27,15,7,0,5,21,15,12,0,22,1,1,0,4,1,0,0.257142857,sa3003197,C
2019,Jhoneiker Betancourt,White Sox (R),19,23,72,93,25,18,5,1,1,21,10,13,1,12,8,0,0,0,1,3,0.347222222,sa3003225,C
2019,Gabriel Moreno,Blue Jays (A),19,54,202,225,63,39,11,4,9,35,35,13,0,21,6,4,0,5,5,1,0.311881188,sa3003226,C
2019,Wilfred Astudillo,Mets (R),19,21,64,70,16,13,1,0,2,7,8,5,0,10,1,0,0,1,0,0,0.25,sa3003236,C
2019,Edilberto Mendoza,Rangers (R),19,30,94,131,23,13,7,2,1,28,13,30,0,20,4,3,0,0,0,1,0.244680851,sa3003240,C
2019,Gustavo Campero,Yankees (R),21,20,59,69,10,6,3,0,1,8,5,8,0,9,2,0,0,1,5,0,0.169491525,sa3003242,C
2019,Kevin Torres,Mets (R),20,32,117,137,28,21,6,0,1,14,21,17,0,21,2,1,0,1,5,1,0.239316239,sa3003261,C
2019,Eliezer Alfonzo,Tigers (A-),19,24,91,99,28,26,2,0,0,4,12,4,0,14,0,3,1,1,0,1,0.307692307,sa3003262,C
2019,Oscar Alvarez,Dodgers (R),19,17,44,49,8,8,0,0,0,3,2,4,0,7,0,1,0,2,1,0,0.181818181,sa3003271,C
2019,Joyser Garcia,Cardinals (R),19,14,40,45,11,9,2,0,0,4,5,4,0,11,0,0,0,2,0,0,0.275,sa3003293,C
2019,Keyberth Mejias,Giants (A-),19,7,25,30,4,3,1,0,0,6,4,4,0,5,0,1,0,0,0,0,0.16,sa3003303,C
2019,Kleyder Sanchez,White Sox (R),19,18,60,66,10,7,3,0,0,5,7,4,0,19,0,2,0,0,0,1,0.166666666,sa3003313,C
2019,Nerio Rodriguez,Astros (R),19,14,37,47,9,7,1,0,1,6,2,9,0,9,1,0,0,0,0,0,0.243243243,sa3003325,C
2019,Jose Alvarez,Astros (R),19,20,66,74,16,11,4,1,0,10,8,7,0,16,0,1,0,1,0,0,0.242424242,sa3003377,C
2019,Yainer Diaz,Indians (A-),20,8,31,33,5,3,0,1,1,3,2,2,1,3,0,0,0,2,0,0,0.161290322,sa3003386,C
2019,Carlos Medrano,Tigers (R),19,25,73,93,22,18,3,0,1,17,9,18,0,23,0,2,0,0,5,1,0.301369863,sa3003387,C
2019,Cristhian Longa,Cardinals (R),19,13,51,53,9,4,5,0,0,1,3,0,0,14,2,0,0,0,0,0,0.176470588,sa3003408,C
2019,Jose Guardo,Rangers (R),20,15,41,52,3,3,0,0,0,5,2,5,0,13,5,0,1,0,0,1,0.073170731,sa3003409,C
2019,Wiston Cerrato,Braves (R),20,15,49,55,12,8,3,0,1,5,9,1,0,8,2,1,2,2,1,0,0.244897959,sa3003412,C
2019,Francisco Ortiz,Rockies (R),19,32,92,108,23,18,4,0,1,16,11,13,0,19,3,0,0,3,2,3,0.25,sa3003419,C
2019,Julio Meza,Rays (R),20,23,87,95,21,17,3,1,0,7,11,2,0,17,1,4,1,2,0,0,0.24137931,sa3003423,C
2019,Miller Chacon,Cubs (R),21,18,38,43,7,7,0,0,0,3,1,2,0,3,3,0,0,1,2,1,0.184210526,sa3003425,C
2019,Jonathan Soto,Cubs (A-),20,30,103,109,21,14,7,0,0,13,9,6,0,16,0,0,0,2,0,0,0.203883495,sa3003428,C
2019,Joel Munoz,Orioles (R),22,15,31,41,6,5,1,0,0,7,7,6,0,8,3,1,0,2,0,0,0.193548387,sa3003433,C
2019,Joey Morgan,Tigers (AA),22,15,45,52,7,6,1,0,0,1,2,5,0,13,0,1,1,0,0,0,0.155555555,sa3004032,C
2019,Joey Morgan,Tigers (A+),22,28,85,101,16,13,2,0,1,5,11,12,1,27,3,1,0,0,0,0,0.188235294,sa3004032,C
2019,Luis Campusano,Padres (A+),20,86,323,374,104,67,25,1,11,48,60,38,0,45,4,9,0,10,0,0,0.321981424,sa3004041,C
2019,Richard Garcia,White Sox (R),20,17,46,55,13,13,0,0,0,4,6,7,0,7,1,1,0,1,0,1,0.282608695,sa3004049,C
2019,David Banuelos,Twins (A),22,18,56,64,12,5,4,1,2,7,9,8,0,19,0,0,0,0,1,1,0.214285714,sa3004056,C
2019,David Banuelos,Twins (A+),22,30,103,107,18,16,2,0,0,3,6,2,0,39,2,0,0,3,0,0,0.174757281,sa3004056,C
2019,MJ Melendez,Royals (A+),20,87,290,336,49,19,21,2,7,32,46,35,0,132,5,3,3,2,7,3,0.168965517,sa3004139,C
2019,Blake Hunt,Padres (A),20,76,280,320,73,49,18,1,5,35,36,32,1,56,4,3,1,10,3,1,0.260714285,sa3004153,C
2019,Jonny Homza,Padres (A-),20,31,113,129,27,18,9,0,0,8,10,13,0,37,3,0,0,1,1,0,0.238938053,sa3004155,C
2019,Angel Lopez Alvarez,Indians (A),22,19,66,73,10,5,4,0,1,4,4,7,0,24,0,0,0,0,0,1,0.151515151,sa3004167,C
2019,Renae Martinez,Diamondbacks (A+),25,73,269,310,57,36,13,0,8,29,39,35,0,70,5,1,0,8,0,1,0.21189591,sa3004255,C
2019,Abrahan Gutierrez,Phillies (A),19,58,201,224,50,40,8,0,2,16,18,18,0,40,2,3,0,9,2,1,0.248756218,sa3004263,C
2019,Alison Quintero,Padres (A-),19,24,92,96,16,13,3,0,0,6,8,4,0,26,0,0,0,1,0,1,0.173913043,sa3004266,C
2019,Sam McMillan,Tigers (A),20,59,176,223,42,33,8,0,1,29,14,38,0,39,9,0,0,4,3,4,0.238636363,sa3004277,C
2019,Luke Ringhofer,Orioles (A-),23,15,38,48,9,8,1,0,0,7,1,8,0,12,1,0,1,2,1,0,0.236842105,sa3004288,C
2019,Brent Diaz,Brewers (A),23,52,142,176,33,21,10,0,2,20,20,27,0,38,3,4,0,3,3,2,0.232394366,sa3004297,C
2019,Ben Rodriguez,Twins (A),24,55,202,217,42,28,9,0,5,20,19,12,0,54,3,0,0,10,0,0,0.207920792,sa3004301,C
2019,Manny Pazos,Mariners (A),24,32,105,122,21,17,3,0,1,14,6,15,1,27,0,2,0,3,0,0,0.2,sa3004304,C
2019,Zack Soria,Braves (A+),25,20,64,75,10,7,2,0,1,1,9,8,0,25,1,1,1,2,0,0,0.15625,sa3004373,C
2019,Israel Pineda,Nationals (A),19,75,278,308,57,41,11,0,5,36,28,26,0,77,2,2,0,7,1,1,0.205035971,sa3004385,C
2019,Nick Hutchins,Royals (A),23,45,171,181,45,26,16,0,3,18,18,3,0,43,5,2,0,0,1,1,0.263157894,sa3004395,C
2019,Nick Hutchins,Royals (AA),23,9,32,33,7,6,1,0,0,4,3,0,0,14,0,0,1,0,1,0,0.21875,sa3004395,C
2019,Hagen Danner,Blue Jays (A),20,73,250,283,44,19,8,5,12,31,33,24,1,86,5,4,0,6,3,1,0.176,sa3004501,C
2019,Erik Ostberg,Rays (A),23,10,34,39,13,11,1,0,1,5,5,4,1,7,1,0,0,0,0,0,0.382352941,sa3004505,C
2019,Austin Bernard,Rockies (A+),23,64,208,252,46,26,10,4,6,32,19,38,0,70,4,1,1,0,5,1,0.221153846,sa3004510,C
2019,Jordyn Muffley,Rays (A-),22,24,89,97,14,14,0,0,0,7,7,2,0,15,2,1,0,0,3,0,0.15730337,sa3004515,C
2019,Nic Perkins,Nationals (A),23,49,162,186,31,21,9,1,0,12,13,19,0,48,3,1,1,7,2,0,0.191358024,sa3004610,C
2019,Chris Corbett,Giants (A+),24,13,35,39,8,6,2,0,0,4,2,4,0,15,0,0,0,1,0,0,0.228571428,sa3004695,C
2019,Zach Jackson,Cardinals (R),21,28,100,119,19,11,4,1,3,20,18,18,1,36,0,1,0,2,1,0,0.19,sa3004721,C
2019,Nathan Perry,Astros (A-),19,38,131,156,31,18,7,1,5,17,18,22,0,36,3,0,0,1,1,0,0.236641221,sa3004756,C
2019,Alex Dunlap,Nationals (A+),24,42,132,160,30,20,8,0,2,13,14,27,0,42,1,0,0,3,0,0,0.227272727,sa3004878,C
2019,Bryant Quijada,Rockies (A-),19,18,56,66,8,7,0,0,1,5,5,8,0,13,0,0,2,2,0,0,0.142857142,sa3004882,C
2019,Mark Kolozsvary,Reds (A+),23,64,193,234,39,24,10,0,5,20,18,29,0,63,11,1,0,2,0,4,0.202072538,sa3004996,C
2019,J.D. Osborne,Marlins (A),23,58,206,226,55,34,15,0,6,28,29,9,0,47,8,3,0,8,0,0,0.266990291,sa3005053,C
2019,Pedro Diaz,Yankees (R),21,16,36,48,7,5,2,0,0,4,4,10,0,15,0,2,0,0,1,0,0.194444444,sa3005056,C
2019,Zachery Almond,Diamondbacks (A),23,72,250,291,55,36,14,0,5,30,39,30,0,78,2,9,0,2,2,1,0.22,sa3005104,C
2019,Hemmanuel Rosario,Yankees (R),18,14,43,48,5,4,1,0,0,2,6,2,0,17,2,1,0,0,0,0,0.116279069,sa3005130,C
2019,Jan Mercado,Marlins (R),19,10,30,34,7,5,1,0,1,4,4,3,0,6,1,0,0,1,1,0,0.233333333,sa3005152,C
2019,Juan Vasquez,Cubs (R),19,31,71,81,17,14,2,0,1,8,15,10,0,10,0,0,0,3,2,1,0.239436619,sa3005269,C
2019,Jonathan Diaz,Red Sox (A-),19,17,64,69,18,10,6,2,0,9,4,5,0,21,0,0,0,1,1,0,0.28125,sa3005290,C
2019,Alejandro Kirk,Blue Jays (A+),20,53,172,204,52,31,21,0,0,17,28,29,1,25,2,1,0,5,2,0,0.302325581,sa3005337,C
2019,Alejandro Kirk,Blue Jays (A),20,21,77,96,23,13,6,1,3,15,8,18,0,8,0,1,0,3,1,0,0.298701298,sa3005337,C
2019,Lorenzo Quintana,Astros (AAA),30,9,33,37,8,6,0,0,2,8,6,1,0,5,2,1,0,1,0,1,0.242424242,sa3005394,C
2019,Lorenzo Quintana,Astros (AA),30,43,168,179,55,30,13,1,11,36,40,8,0,39,3,0,0,2,1,0,0.327380952,sa3005394,C
2019,Jeferson Morales,Twins (R),20,16,48,60,11,6,2,1,2,12,8,10,0,6,2,0,0,0,0,1,0.229166666,sa3005472,C
2019,Robinson Ramos,Indians (R),21,30,97,109,28,20,4,1,3,16,20,9,1,13,3,0,0,2,1,1,0.288659793,sa3005493,C
2019,Juan Mena,Pirates (R),18,17,46,53,13,12,0,1,0,7,6,5,0,6,1,0,1,1,0,1,0.282608695,sa3005506,C
2019,Gustavo Ruiz,Blue Jays (R),19,25,82,91,15,8,7,0,0,7,7,6,0,15,1,1,1,2,3,1,0.182926829,sa3005514,C
2019,Alejandro Fernandez,Dodgers (R),18,17,49,58,9,8,1,0,0,6,2,8,0,8,0,0,1,0,0,0,0.183673469,sa3005550,C
2019,Victor Planchart,Indians (R),18,29,103,121,26,21,4,1,0,14,7,16,0,15,2,0,0,3,2,2,0.252427184,sa3005555,C
2019,Enmanuel Pire,Royals (R),18,29,101,117,30,26,3,1,0,15,10,11,0,17,1,3,1,2,2,2,0.297029702,sa3005562,C
2019,Jose Navas,Red Sox (R),18,17,59,69,19,12,6,0,1,8,18,7,0,10,2,1,0,2,0,0,0.322033898,sa3005567,C
2019,Jommer Hernandez,Pirates (R),18,32,97,117,30,23,3,4,0,20,18,15,0,20,3,1,1,2,2,1,0.30927835,sa3005586,C
2019,Daniel Vellojin,Reds (R),19,37,125,154,42,28,8,3,3,31,33,20,0,16,9,0,0,4,5,4,0.336,sa3005587,C
2019,Juan Crisp,Yankees (R),19,17,44,64,10,8,1,1,0,7,6,15,0,6,5,0,0,1,2,1,0.227272727,sa3005592,C
2019,Oscar Rangel,Red Sox (R),21,11,34,44,13,9,4,0,0,6,11,9,0,9,0,1,0,0,1,0,0.382352941,sa3005593,C
2019,Geison Nunez,Angels (R),18,12,32,42,4,3,1,0,0,5,1,10,0,11,0,0,0,1,1,0,0.125,sa3005605,C
2019,Darwin Baez,Pirates (R),18,40,162,179,46,31,11,0,4,21,30,13,1,22,2,2,0,4,1,0,0.283950617,sa3005614,C
2019,Ronaiker Palma,Rockies (R),19,21,72,78,14,10,3,1,0,8,10,4,0,11,2,0,0,1,0,2,0.194444444,sa3005624,C
2019,Jefferson Mendoza,White Sox (R),18,24,64,77,25,14,8,0,3,9,19,9,0,16,3,1,0,1,0,0,0.390625,sa3005713,C
2019,Jhonaiker Osorio,Marlins (R),18,26,61,64,15,11,3,1,0,5,11,1,0,9,1,1,0,3,3,1,0.245901639,sa3005718,C
2019,Jesus Orecchia,Cardinals (R),18,30,97,115,21,18,2,0,1,11,14,16,0,19,0,1,1,4,1,0,0.216494845,sa3005725,C
2019,Luis Rodriguez,Cardinals (R),19,28,107,116,30,24,5,0,1,16,20,6,0,24,2,1,0,2,0,1,0.280373831,sa3005727,C
2019,Omar Rodriguez,Royals (R),19,38,127,149,38,27,9,0,2,6,16,18,2,38,4,0,0,4,1,1,0.299212598,sa3005736,C
2019,Cesar Rodriguez,Phillies (R),18,17,49,57,9,6,2,0,1,6,9,6,0,7,0,2,0,3,0,0,0.183673469,sa3005741,C
2019,Carlos Hurtado,Astros (R),18,34,107,119,30,22,5,2,1,13,16,7,0,17,1,2,1,5,5,0,0.280373831,sa3005746,C
2019,Pedro Garcia,Tigers (R),18,36,130,145,26,21,3,2,0,15,15,13,0,35,0,0,2,4,4,0,0.2,sa3005762,C
2019,Miguel Fabrizio,Cubs (R),18,31,81,94,23,14,6,2,1,7,14,12,0,10,0,1,0,1,1,2,0.283950617,sa3005767,C
2019,Oscar Gonzalez,Phillies (R),18,42,149,172,38,33,2,2,1,16,20,17,0,27,3,2,1,2,5,3,0.255033557,sa3005776,C
2019,Farlyn Manon,Brewers (R),22,23,62,77,13,6,5,1,1,8,12,11,0,8,4,0,0,0,1,3,0.209677419,sa3005900,C
2019,Ricardo Toro,Astros (R),18,40,104,128,28,22,3,1,2,12,23,14,0,17,7,3,0,3,6,3,0.269230769,sa3005904,C
2019,Enyerberth Ascanio,Yankees (R),18,12,32,44,5,5,0,0,0,6,0,10,0,10,1,0,1,2,2,0,0.15625,sa3005908,C
2019,Guillermo Quintana,Royals (R),18,31,97,122,30,20,8,0,2,8,19,19,1,11,3,2,1,2,2,1,0.30927835,sa3005916,C
2019,Guillermo Quintana,Royals (R),18,12,46,53,15,9,6,0,0,9,6,6,0,10,1,0,0,1,1,1,0.326086956,sa3005916,C
2019,Wilfri Castro,Twins (R),18,20,62,77,14,11,3,0,0,5,9,14,0,14,1,0,0,0,0,1,0.225806451,sa3005917,C
2019,Richard Paz,Indians (R),18,22,81,94,21,13,5,2,1,12,16,11,0,14,0,2,0,0,0,0,0.259259259,sa3005928,C
2019,Gabriel Gil,Rockies (R),18,20,65,75,11,9,0,1,1,8,5,6,0,24,1,2,1,2,2,1,0.169230769,sa3005935,C
2019,Edward Barboza,Phillies (R),18,28,88,106,24,17,4,1,2,14,16,12,0,15,3,2,1,3,3,0,0.272727272,sa3005937,C
2019,Jeremy Jimenez,Tigers (R),18,22,77,91,18,14,2,2,0,11,10,14,0,19,0,0,0,2,1,0,0.233766233,sa3005944,C
2019,Brayan Mancilla,Cubs (R),19,39,129,153,28,19,7,1,1,19,17,15,0,27,7,2,0,0,8,4,0.217054263,sa3005946,C
2019,Juan Loyo,Mets (R),20,18,50,61,11,7,3,0,1,7,5,6,0,13,4,0,1,0,0,0,0.22,sa3005948,C
2019,Jenderson Jardines,Dodgers (R),18,21,77,88,16,12,3,0,1,8,9,9,0,16,1,1,0,2,3,0,0.207792207,sa3006077,C
2019,Andres Gari,Red Sox (R),18,23,75,88,18,14,4,0,0,10,9,8,0,15,3,2,0,2,2,0,0.24,sa3006079,C
2019,Jose Zapata,Cardinals (R),18,30,105,124,29,18,9,1,1,20,15,12,0,30,5,1,1,3,1,3,0.276190476,sa3006179,C
2019,Rodrigo Rodriguez,Royals (R),18,21,76,86,16,14,2,0,0,7,4,8,0,21,2,0,0,2,0,2,0.210526315,sa3006197,C
2019,Manuel Garcia,Diamondbacks (R),19,39,132,161,36,27,7,2,0,17,21,18,1,28,7,3,0,2,3,5,0.272727272,sa3006202,C
2019,Ortwin Pieternella,Mariners (R),20,29,91,109,30,20,7,2,1,19,13,16,0,27,1,1,0,0,7,1,0.329670329,sa3006213,C
2019,Pablo Aliendo,Cubs (R),18,33,90,111,21,16,3,1,1,19,7,13,0,24,5,1,2,0,9,4,0.233333333,sa3006220,C
2019,Junior Gonzalez,Mariners (R),19,37,137,159,34,26,6,1,1,27,29,16,0,29,2,4,0,3,1,1,0.248175182,sa3006221,C
2019,Wilkin Grullon,Orioles (R),19,34,126,146,38,31,7,0,0,23,23,12,0,23,7,1,0,4,0,0,0.301587301,sa3006222,C
2019,Nigel Calmes,Rays (R),19,9,27,33,7,5,2,0,0,4,0,4,0,3,2,0,0,1,1,0,0.259259259,sa3006223,C
2019,Nigel Calmes,Rays (R),19,20,68,81,17,14,3,0,0,12,4,11,0,8,1,1,0,0,1,0,0.25,sa3006223,C
2019,Yoandy Rea,Tigers (R),19,14,41,46,16,12,2,0,2,9,15,4,0,3,1,0,0,0,1,0,0.390243902,sa3006224,C
2019,Erick Flores,Red Sox (R),18,24,71,84,21,17,4,0,0,12,10,11,0,9,2,0,0,5,1,1,0.295774647,sa3006225,C
2019,Ivan Murzi,Nationals (R),18,22,75,84,18,11,2,0,5,9,12,4,0,19,4,0,1,0,2,1,0.24,sa3006426,C
2019,Ramses Malave,Diamondbacks (R),18,38,137,171,40,24,13,3,0,21,25,26,0,35,6,2,0,1,6,4,0.291970802,sa3006428,C
2019,Freddy Puerta,Rangers (R),18,7,24,31,3,2,1,0,0,4,4,6,0,8,1,0,0,0,3,0,0.125,sa3006524,C
2019,Jose Mujica,Athletics (R),18,36,116,136,30,28,2,0,0,16,10,15,0,24,4,0,1,1,7,0,0.258620689,sa3006525,C
2019,Jhan Polanco,Pirates (R),18,31,104,128,25,17,6,0,2,21,8,22,0,12,1,1,0,6,1,0,0.240384615,sa3006531,C
2019,Jose Cordova,Rockies (R),19,34,115,142,41,33,6,1,1,23,21,12,0,24,9,5,1,0,14,4,0.356521739,sa3006548,C
2019,Luis Valderrama,Indians/Brewers (R),18,19,62,69,12,9,3,0,0,3,4,4,0,8,3,0,0,1,1,1,0.193548387,sa3006563,C
2019,Daniel Angulo,Pirates (R),20,15,41,48,7,7,0,0,0,4,1,5,0,6,2,0,0,0,0,2,0.170731707,sa3006596,C
2019,Eduardo Valencia,Tigers (R),19,18,65,73,14,10,4,0,0,10,12,4,0,7,1,3,0,5,1,0,0.215384615,sa3006622,C
2019,Matt Duce,Cardinals (A-),23,23,86,96,27,18,7,0,2,13,11,9,0,17,0,0,0,3,0,0,0.313953488,sa3006644,C
2019,Jay Schuyler,Reds (A),22,82,294,336,75,60,12,1,2,35,34,33,1,58,5,3,1,3,5,4,0.25510204,sa3006662,C
2019,Jake Anchia,Mariners (A),22,75,264,295,60,38,10,0,12,39,40,24,0,99,6,1,0,5,0,0,0.227272727,sa3006674,C
2019,Nick Fortes,Marlins (A+),22,54,189,215,41,28,9,2,2,16,23,19,0,36,3,4,0,4,1,1,0.216931216,sa3006714,C
2019,Zac Susi,Pirates (A),22,38,118,138,23,14,7,0,2,21,13,15,0,24,2,2,1,4,1,0,0.194915254,sa3006722,C
2019,Christopher Bec,Blue Jays (A+),23,40,121,144,30,22,6,1,1,17,13,20,0,28,1,1,1,4,16,1,0.247933884,sa3006727,C
2019,Jacob Barnwell,Rockies (R),21,11,33,39,7,5,2,0,0,5,3,6,0,14,0,0,0,0,1,2,0.212121212,sa3006779,C
2019,Kole Cottam,Red Sox (A),22,65,226,271,59,34,19,0,6,39,32,37,0,65,7,1,0,3,0,0,0.261061946,sa3006780,C
2019,Gunnar Troutwine,White Sox (A),23,44,152,172,39,26,11,0,2,22,9,19,0,56,0,1,0,7,1,0,0.256578947,sa3006785,C
2019,David Fry,Brewers (A),23,104,395,440,106,54,36,1,15,54,60,34,1,93,4,6,1,3,7,4,0.26835443,sa3006787,C
2019,Alex Holderbach,Astros (A),22,39,136,145,33,26,3,0,4,13,15,7,0,42,0,2,0,3,0,1,0.242647058,sa3006789,C
2019,John Jones,Athletics (A),23,72,244,293,60,46,8,0,6,31,33,42,0,71,4,3,0,7,0,2,0.245901639,sa3006852,C
2019,William Hancock,Royals (R),22,27,104,118,25,19,6,0,0,8,8,12,0,29,2,0,0,1,0,0,0.240384615,sa3006854,C
2019,Jack Conley,Phillies (A),22,19,58,66,11,8,3,0,0,5,2,6,0,14,1,0,1,3,0,0,0.189655172,sa3006857,C
2019,Jack Conley,Phillies (A+),22,9,30,34,5,4,1,0,0,1,3,0,0,8,2,0,2,0,0,0,0.166666666,sa3006857,C
2019,Anthony Seigler,Yankees (A),20,30,97,120,17,14,3,0,0,10,6,20,0,28,2,0,1,4,1,0,0.175257731,sa3006894,C
2019,Bryan Lavastida,Indians (A-),20,32,114,129,32,18,11,2,1,21,21,11,0,16,2,2,0,2,3,0,0.280701754,sa3006917,C
2019,Ty Greene,White Sox (R),22,11,38,43,11,8,3,0,0,9,1,4,0,1,1,0,0,1,0,1,0.289473684,sa3006920,C
2019,Logan Brown,Braves (A),22,51,193,208,58,45,11,1,1,25,26,11,0,39,4,0,0,2,0,0,0.300518134,sa3006938,C
2019,Logan Brown,Braves (A+),22,29,107,113,24,21,3,0,0,9,13,6,0,32,0,0,0,1,0,0,0.224299065,sa3006938,C
2019,Nick Gatewood,Padres (A),21,13,48,51,7,2,5,0,0,5,4,3,0,19,0,0,0,0,0,0,0.145833333,sa3007006,C
2019,Hayden Senger,Mets (A),22,70,239,275,57,37,15,1,4,19,28,16,1,44,16,3,1,7,0,0,0.238493723,sa3007009,C
2019,Scott Kapers,Rangers (A-),22,17,56,69,11,8,3,0,0,11,6,4,0,14,8,0,1,0,1,0,0.196428571,sa3007013,C
2019,Chris Williams,Twins (A),22,57,181,225,39,14,12,3,10,30,30,41,0,55,0,3,0,0,0,0,0.215469613,sa3007028,C
2019,Ryan Jeffers,Twins (A+),22,79,281,315,72,51,11,0,10,35,40,28,0,64,4,2,0,7,0,0,0.256227758,sa3007051,C
2019,Danuerys De La Cruz,Tigers (R),18,30,102,122,29,20,6,0,3,22,19,14,0,34,3,3,0,3,3,3,0.284313725,sa3007059,C
2019,Christopher Proctor,Tigers (A),22,54,212,227,52,42,8,0,2,25,24,13,0,38,0,2,0,0,4,1,0.245283018,sa3007062,C
2019,Dean Nevarez,Mariners (A-),22,12,45,50,9,5,4,0,0,2,1,4,0,12,0,1,0,2,0,2,0.2,sa3007073,C
2019,Dean Nevarez,Mariners (A),22,30,109,120,22,10,6,0,6,14,20,10,0,41,1,0,0,3,0,0,0.201834862,sa3007073,C
2019,Rusber Estrada,Braves (A+),24,43,140,163,18,15,2,0,1,11,11,13,0,52,7,3,0,3,0,0,0.128571428,sa3007077,C
2019,Sergio Toribio,Twins (R),20,13,35,42,5,3,1,1,0,4,5,5,0,14,0,1,1,1,0,1,0.142857142,sa3007096,C
2019,Kekai Rios,Brewers (A),22,18,63,70,14,14,0,0,0,5,7,6,0,15,1,0,0,0,0,0,0.222222222,sa3007282,C
2019,Trevor Casanova,Twins (A),23,27,88,103,21,13,4,0,4,15,18,13,0,25,0,2,0,3,1,0,0.238636363,sa3007294,C
2019,Fabian Pena,Giants (A+),22,31,109,120,20,8,10,0,2,11,10,8,0,23,1,1,1,4,1,0,0.183486238,sa3007303,C
2019,Michael Emodi,Royals (R),23,36,132,149,45,20,16,1,8,26,32,10,0,41,6,1,0,3,3,0,0.34090909,sa3007318,C
2019,Kevin Melendez,Rays (R),19,23,81,87,22,14,5,0,3,10,17,5,0,22,1,0,0,4,2,0,0.271604938,sa3007319,C
2019,Robert Boselli,Reds (R),23,9,33,38,6,5,0,0,1,2,5,2,0,14,1,2,0,0,0,0,0.181818181,sa3007332,C
2019,Nick Dalesandro,Diamondbacks (A-),22,21,63,79,12,11,1,0,0,4,8,14,0,14,1,1,0,3,2,0,0.19047619,sa3007503,C
2019,Ryan Haug,Pirates (A-),24,15,46,55,12,9,3,0,0,7,4,3,0,13,5,1,0,3,3,2,0.260869565,sa3007506,C
2019,Tyler Cropley,Nationals (A),23,32,94,114,17,11,4,0,2,12,8,12,0,23,5,1,2,1,1,1,0.180851063,sa3007510,C
2019,Logan O'Hoppe,Phillies (A-),19,30,112,121,30,12,11,2,5,14,22,7,0,34,0,2,0,2,2,0,0.267857142,sa3007519,C
2019,Jon Rosoff,Tigers (A+),24,39,123,135,33,25,5,2,1,10,9,9,0,17,2,1,0,2,2,1,0.268292682,sa3007635,C
2019,Stephan Vidal,Royals (R),23,8,29,31,5,1,3,0,1,5,3,2,0,9,0,0,0,0,0,0,0.172413793,sa3007654,C
2019,Brett Wright,Blue Jays (A-),23,26,79,102,15,8,5,0,2,7,11,14,0,20,8,1,0,0,2,2,0.189873417,sa3007746,C
2019,Mickey Gasper,Yankees (A),23,75,254,304,60,36,17,0,7,31,35,41,1,55,7,2,0,9,1,0,0.236220472,sa3007747,C
2019,Daniel Wasinger,Diamondbacks (A-),23,24,83,91,16,11,5,0,0,6,12,4,0,25,3,1,0,2,3,0,0.192771084,sa3007785,C
2019,Daniel Wasinger,Diamondbacks (A),23,7,26,30,3,2,1,0,0,1,1,3,0,7,1,0,0,1,0,0,0.115384615,sa3007785,C
2019,Joey Bart,Giants (A+),22,51,207,222,58,35,9,2,12,37,35,12,0,42,3,0,0,9,4,2,0.280193236,sa3007786,C
2019,Elih Marrero,Red Sox (A-),22,20,75,85,16,9,6,1,0,8,15,7,0,14,1,2,0,3,1,0,0.213333333,sa3007822,C
2019,Nick Meyer,Mets (A+),22,56,183,201,36,30,4,1,1,19,11,14,0,38,3,0,1,5,9,2,0.196721311,sa3007826,C
2019,Malcom Quintero,Cubs (R),18,27,61,79,20,18,2,0,0,9,11,17,0,14,1,0,0,1,6,3,0.327868852,sa3007827,C
2019,Willie MacIver,Rockies (A),22,91,327,374,81,48,20,3,10,40,50,28,1,82,9,6,4,8,10,4,0.247706422,sa3007828,C
2019,Cody Roberts,Orioles (A),23,28,96,109,24,22,2,0,0,14,11,10,0,27,0,3,0,2,0,0,0.25,sa3007869,C
2019,Hunter Feduccia,Dodgers (A),22,50,184,223,53,31,17,1,4,34,31,36,0,42,0,3,0,2,1,0,0.288043478,sa3007872,C
2019,Hunter Feduccia,Dodgers (A+),22,10,32,37,9,9,0,0,0,4,4,4,0,9,0,0,1,2,1,2,0.28125,sa3007872,C
2019,Jesus Moreno,Rangers (R),18,22,81,94,19,14,5,0,0,11,10,11,0,18,2,0,0,1,0,0,0.234567901,sa3007914,C
2019,Will Banfield,Marlins (A),19,80,314,343,61,39,12,1,9,36,48,20,0,99,4,5,0,7,0,0,0.194267515,sa3007973,C
2019,Onix Vega,Nationals (A-),20,20,85,92,25,21,3,1,0,5,14,6,1,12,1,0,0,6,1,2,0.294117647,sa3008007,C
2019,Josh Breaux,Yankees (A),21,30,122,127,36,25,4,0,7,12,30,4,0,37,1,0,0,1,0,0,0.295081967,sa3008051,C
2019,Jonathan Chinchilla,Marlins (R),18,25,57,65,12,9,3,0,0,12,6,5,0,10,3,0,0,2,0,1,0.210526315,sa3008052,C
2019,Kelvin Pena,Braves (R),18,48,177,204,42,23,13,0,6,24,33,19,3,46,3,5,0,2,1,2,0.237288135,sa3008083,C
2019,Cesar Salazar,Astros (A),23,64,224,253,61,41,16,1,3,26,36,16,0,37,7,6,0,3,4,2,0.272321428,sa3008107,C
2019,Carlos Hernandez,Phillies (R),18,10,29,33,6,2,4,0,0,4,4,3,0,7,1,0,0,3,1,0,0.206896551,sa3008111,C
2019,Andelson Arias,Padres (R),19,9,25,32,4,2,1,0,1,5,4,3,0,8,4,0,0,0,1,0,0.16,sa3008143,C
2019,Yesi Medina,Royals (R),19,25,50,63,10,7,2,0,1,8,9,9,0,10,4,0,0,3,1,0,0.2,sa3008147,C
2019,Grant Koch,Pirates (A),22,73,268,292,57,41,12,0,4,29,27,19,0,41,2,2,1,10,1,1,0.212686567,sa3008180,C
2019,Juan Paulino,Astros (A-),21,26,76,83,24,17,5,1,1,7,8,6,0,23,0,1,0,1,8,3,0.315789473,sa3008190,C
2019,Bo Naylor,Indians (A),19,79,292,334,69,42,13,6,8,46,45,33,0,79,1,6,2,6,3,2,0.236301369,sa3008247,C
2019,Endy Rodriguez,Mets (R),19,11,35,45,12,7,5,0,0,5,4,6,0,4,2,1,0,0,3,0,0.342857142,sa3008272,C
2019,Endy Rodriguez,Mets (R),19,9,27,35,8,2,4,0,2,5,8,5,0,5,3,0,0,0,0,0,0.296296296,sa3008272,C
2019,Caleb Knight,Cubs (A-),23,19,59,71,13,9,1,1,2,5,4,7,0,13,5,0,0,1,0,2,0.220338983,sa3008279,C
2019,Tre Todd,Dodgers (A+),22,14,28,38,6,5,0,0,1,5,3,8,0,12,0,1,1,0,0,1,0.214285714,sa3008283,C
2019,Tre Todd,Dodgers (R),22,13,46,50,18,9,5,0,4,9,20,3,0,9,1,0,0,3,0,0,0.391304347,sa3008283,C
2019,Eduin Lugo,Indians/Brewers (R),17,19,59,68,9,7,2,0,0,6,6,7,0,22,1,1,0,2,2,1,0.152542372,sa3008296,C
2019,Cal Raleigh,Mariners (A+),22,82,310,348,81,40,19,0,22,48,66,33,3,69,3,2,0,4,4,0,0.261290322,sa3008377,C
2019,Cal Raleigh,Mariners (AA),22,13,44,51,8,7,1,0,0,0,4,7,1,17,0,0,0,0,0,0,0.181818181,sa3008377,C
2019,JJ Schwarz,Athletics (A+),23,20,64,71,7,6,1,0,0,2,3,7,0,19,0,0,0,2,0,0,0.109375,sa3008391,C
2019,Mitchell Edwards,Phillies (R),19,13,31,37,7,5,1,0,1,3,7,5,0,10,0,1,0,0,0,0,0.225806451,sa3008407,C
2019,Isaias Sangrona,Rays (R),18,34,109,131,21,13,7,0,1,13,12,14,1,34,6,1,1,2,5,2,0.19266055,sa3008410,C
2019,Omar Martinez,Yankees (R),17,17,42,51,12,10,1,0,1,5,7,8,0,7,0,1,0,0,0,0,0.285714285,sa3008573,C
2019,Diego Cartaya,Dodgers (R),17,13,50,57,12,7,2,2,1,11,9,5,0,11,1,1,0,1,0,0,0.24,sa3008742,C
2019,Ricardo Caldera,Diamondbacks (R),17,34,109,136,27,18,5,3,1,17,17,18,0,34,8,1,0,0,2,1,0.247706422,sa3008791,C
2019,Victor Diaz,Phillies (R),17,50,193,214,56,38,13,3,2,34,28,15,2,39,2,4,0,6,5,3,0.29015544,sa3008801,C
2019,Naysbel Marcano,Red Sox (R),17,38,136,150,35,22,10,1,2,20,25,9,0,37,4,1,0,2,1,1,0.257352941,sa3008804,C
2019,Luis Pineda,White Sox (R),17,18,63,72,13,7,3,1,2,10,10,8,0,21,1,0,0,1,1,0,0.206349206,sa3008826,C
2019,Cristian Calzadilla,Tigers (R),17,33,107,136,30,27,3,0,0,19,8,21,0,13,6,2,0,6,4,3,0.280373831,sa3008830,C
2019,Dionmy Salon,Royals (R),17,21,65,77,16,13,3,0,0,10,5,11,0,8,1,0,0,2,0,2,0.246153846,sa3008839,C
2019,Jhonnys Cabrera,Brewers (R),17,35,122,140,34,24,7,1,2,24,18,13,0,46,4,1,0,0,2,1,0.278688524,sa3008847,C
2019,Hector Acevedo,Twins (R),21,21,73,84,12,5,6,0,1,10,4,9,0,21,2,0,0,1,0,0,0.164383561,sa3008849,C
2019,Javier D'Orazio,Blue Jays (R),17,13,48,54,18,14,3,1,0,4,1,6,0,11,0,0,0,1,1,0,0.375,sa3008876,C
2019,Javier D'Orazio,Blue Jays (R),17,21,73,74,16,13,3,0,0,5,5,1,0,26,0,0,0,2,1,3,0.219178082,sa3008876,C
2019,Roldany Reinoso,Rangers (R),17,24,88,96,15,10,5,0,0,7,6,7,0,16,1,0,0,2,1,0,0.170454545,sa3008882,C
2019,Efrenyer Narvaez,Rangers (R),16,24,76,98,19,16,3,0,0,17,11,18,0,14,2,2,0,2,0,1,0.25,sa3008885,C
2019,Rayner Santana,Giants (R),16,34,116,143,32,21,9,0,2,15,12,22,1,40,5,0,0,2,1,3,0.275862068,sa3008897,C
2019,Victor Duarte,Padres (R),18,31,104,128,21,14,6,1,0,17,15,11,0,9,9,3,1,4,5,3,0.201923076,sa3008904,C
2019,Felix Salguera,Rays (R),17,25,90,108,21,16,3,2,0,15,11,15,0,14,2,0,1,2,0,0,0.233333333,sa3008914,C
2019,Jesus Rodriguez,Yankees (R),17,18,58,72,18,10,4,2,2,14,12,11,1,10,0,3,0,1,3,2,0.310344827,sa3008916,C
2019,Adony Mejia,Phillies (R),18,35,109,138,15,12,3,0,0,22,6,19,0,28,9,1,0,3,4,2,0.137614678,sa3008924,C
2019,Lians Beato,Orioles (R),17,17,38,58,5,3,2,0,0,10,6,15,0,13,2,3,0,1,0,0,0.131578947,sa3008926,C
2019,Jose Estrada,Angels (R),19,28,100,111,30,23,6,1,0,14,12,9,0,9,1,1,0,8,2,1,0.3,sa3008933,C
2019,Jose Hernandez,Mets (R),17,21,71,86,17,15,2,0,0,15,4,14,0,24,1,0,0,1,2,3,0.239436619,sa3008943,C
2019,Michael Mantecon,Orioles (R),17,24,68,87,16,15,1,0,0,13,7,13,0,17,6,0,0,1,3,0,0.235294117,sa3008949,C
2019,Domenico Pascale,Mets (R),19,27,85,100,14,13,1,0,0,8,10,9,0,13,2,2,2,1,0,0,0.164705882,sa3009192,C
2019,Agustin Ramirez,Yankees (R),17,28,111,123,32,20,8,0,4,17,21,9,0,21,2,1,0,0,0,1,0.288288288,sa3009276,C
2019,Eduardo Jaramillo,Giants (R),17,13,50,52,10,7,3,0,0,4,8,0,0,14,1,1,0,2,0,2,0.2,sa3009277,C
2019,Miguel Palma,Astros (R),17,37,102,127,24,13,7,0,4,15,12,12,0,28,11,1,1,0,5,5,0.235294117,sa3009279,C
2019,Ene Leon,Marlins (R),17,15,40,48,7,7,0,0,0,3,2,5,0,5,1,1,1,4,1,0,0.175,sa3009280,C
2019,Jeisel Acosta,Nationals (R),17,21,73,84,18,11,6,1,0,9,9,9,0,17,2,0,0,2,1,0,0.246575342,sa3009281,C
2019,Robert Mendoza,Rockies (R),17,28,93,115,19,17,2,0,0,10,10,18,1,27,1,3,0,0,4,2,0.204301075,sa3009291,C
2019,Freddy Guilamo,Astros (R),18,29,63,82,19,14,4,1,0,14,10,18,0,13,1,0,0,0,1,2,0.301587301,sa3009297,C
2019,Junior Ramos,Blue Jays (R),17,27,87,94,15,11,4,0,0,5,13,4,0,16,1,2,0,3,3,1,0.172413793,sa3009306,C
2019,Abel Noguera,Rangers (R),17,25,92,108,20,14,6,0,0,8,15,13,0,33,2,1,0,4,0,1,0.217391304,sa3009308,C
2019,Jose Caguana,Mariners (R),17,35,125,140,30,20,8,2,0,19,12,11,0,37,3,1,0,2,4,2,0.24,sa3009310,C
2019,Nicolas Garcia,Yankees (R),18,19,60,69,14,11,3,0,0,6,6,6,0,23,2,0,1,1,5,2,0.233333333,sa3009313,C
2019,Alex Ramirez,Padres (R),17,27,99,113,28,17,8,1,2,16,16,9,0,29,4,1,0,2,3,0,0.282828282,sa3009315,C
2019,Luis Hernandez,Pirates (R),18,20,56,64,12,11,1,0,0,8,7,4,0,15,3,0,1,0,3,0,0.214285714,sa3009318,C
2019,Rafael Escalante,Pirates (R),17,21,56,71,12,8,2,1,1,8,5,12,0,9,3,0,0,0,0,3,0.214285714,sa3009322,C
2019,Derek Vegas,Marlins (R),17,25,54,67,9,9,0,0,0,5,4,8,0,13,3,2,0,0,0,0,0.166666666,sa3009323,C
2019,Yorberto Mejicano,Red Sox (R),18,20,54,64,14,13,1,0,0,10,9,8,0,11,0,2,0,0,5,0,0.259259259,sa3009328,C
2019,Frank Rodriguez,Dodgers (R),17,28,82,106,13,11,2,0,0,12,4,17,0,24,6,1,0,2,0,0,0.158536585,sa3009330,C
2019,Geovanny Planchart,Pirates (R),17,23,83,93,31,29,0,2,0,16,12,8,0,7,1,0,1,0,0,2,0.373493975,sa3009334,C
2019,Jerry Lopez,Rays (R),16,14,49,53,9,9,0,0,0,8,3,3,0,13,0,1,0,3,0,2,0.183673469,sa3009335,C
2019,Roblin Heredia,Cardinals (R),16,23,84,105,16,10,4,2,0,12,10,20,0,28,1,0,0,1,5,0,0.19047619,sa3009341,C
2019,Randy Ruiz,Braves (R),17,32,70,86,12,7,5,0,0,11,6,9,0,16,6,1,0,0,4,0,0.171428571,sa3009342,C
2019,Fraudy Rodriguez,Reds (R),17,16,42,50,7,5,2,0,0,1,5,7,0,12,0,1,0,1,1,2,0.166666666,sa3009540,C
2019,Ronaldo Flores,Giants (R),17,37,136,146,44,36,7,0,1,18,20,3,0,21,5,2,0,2,1,1,0.323529411,sa3009551,C
2019,Matheus Lelis,Athletics (R),17,21,53,61,11,9,2,0,0,6,4,8,0,11,0,0,0,1,0,2,0.207547169,sa3009556,C
2019,Daniel Leon,Diamondbacks (R),18,15,50,59,9,7,2,0,0,6,6,9,0,18,0,0,0,2,0,1,0.18,sa3009562,C
2019,Nelson Quiroz,Dodgers (R),17,26,93,105,20,19,1,0,0,7,10,11,0,14,1,0,0,5,1,0,0.215053763,sa3009565,C
2019,Derwis Troconiz,Mets (R),19,17,48,60,12,12,0,0,0,6,9,10,1,7,2,0,0,0,1,0,0.25,sa3009566,C
2019,Anferny Olivo,Twins (R),17,15,45,56,5,3,2,0,0,5,2,10,0,16,1,0,0,1,0,0,0.111111111,sa3009644,C
2019,Ronald Carreno,Angels (R),18,24,66,81,16,13,2,0,1,10,11,14,0,15,1,0,0,1,1,1,0.242424242,sa3009647,C
2019,Wilfredo Tovar,Padres (R),17,8,25,34,12,9,3,0,0,5,4,5,0,4,3,1,0,1,0,2,0.48,sa3009650,C
2019,Diego Velasquez,Cardinals (R),17,15,52,60,13,12,0,0,1,8,6,3,0,23,4,1,0,0,0,0,0.25,sa3009651,C
2019,Ruben Benavides,White Sox (R),17,15,46,54,16,9,6,0,1,12,7,6,0,10,0,2,0,1,1,0,0.347826086,sa3009652,C
2019,Juan Sanchez,Cardinals (R),17,16,51,57,10,8,2,0,0,7,10,4,0,16,1,1,0,1,1,0,0.196078431,sa3009653,C
2019,Jose Garcia,Dodgers (R),17,13,46,48,11,11,0,0,0,7,4,2,0,13,0,0,0,1,2,0,0.239130434,sa3009659,C
2019,Miguel Rojas,Red Sox (R),17,12,31,36,7,5,1,1,0,8,4,5,0,3,0,0,0,0,0,0,0.225806451,sa3009660,C
2019,Sergio Tapia,Tigers (R),16,19,52,60,9,6,3,0,0,2,8,4,0,9,2,1,1,1,1,4,0.173076923,sa3009763,C
2019,Angel Colina,Diamondbacks (R),17,13,40,48,4,4,0,0,0,2,2,8,0,9,0,0,0,4,0,0,0.1,sa3009791,C
2019,Bryanth Sanchez,Nationals (R),18,11,28,30,5,5,0,0,0,0,1,1,0,2,1,0,0,1,0,0,0.178571428,sa3009792,C
2019,Henry Leon,Brewers (R),17,8,25,31,2,2,0,0,0,1,2,0,0,3,3,1,2,1,0,1,0.08,sa3009795,C
2019,Edwin Mercedes,Nationals (R),17,14,35,41,3,1,2,0,0,1,1,5,0,16,1,0,0,0,1,1,0.085714285,sa3009816,C
2019,Jose Colmenares,Nationals (R),16,11,32,37,3,3,0,0,0,3,3,2,0,5,3,0,0,0,0,1,0.09375,sa3009817,C
2019,Ariel Yera,Mets (A-),22,18,56,63,13,13,0,0,0,2,3,6,0,22,0,0,1,2,1,1,0.232142857,sa3009881,C
2019,Logan Driscoll,Padres (A-),21,11,41,44,13,6,6,1,0,3,3,3,0,7,0,0,0,0,0,0,0.31707317,sa3009882,C
2019,Luis Trevino,Rays (A-),23,14,50,58,14,11,2,0,1,6,12,4,0,9,4,0,0,3,0,0,0.28,sa3009893,C
2019,Hector Lucero,Orioles (R),18,23,76,92,12,8,3,0,1,8,9,14,0,24,0,1,1,1,0,0,0.157894736,sa3009963,C
2019,Jordan Cannon,Orioles (A-),22,11,32,38,8,3,4,1,0,4,4,2,0,18,2,1,1,1,1,0,0.25,sa3010020,C
2019,Kevyn Camacho,Yankees (R),17,10,29,38,10,9,1,0,0,13,10,8,0,5,1,0,0,0,0,0,0.344827586,sa3010027,C
2019,Korey Lee,Astros (A-),20,34,117,136,31,24,3,2,2,18,14,14,1,26,3,2,0,1,6,3,0.264957264,sa3010034,C
2019,Andrew Pratt,Nationals (A-),22,19,69,75,13,7,3,1,2,5,6,5,0,28,0,1,0,3,0,0,0.188405797,sa3010045,C
2019,Daniel Cope,Rockies (A-),22,25,80,99,19,14,5,0,0,9,7,18,0,17,0,0,1,3,1,0,0.2375,sa3010157,C
2019,Jaxx Groshans,Red Sox (A-),20,20,69,79,17,11,3,1,2,7,12,8,0,19,0,2,0,3,1,1,0.246376811,sa3010160,C
2019,Kyle Wilkie,Pirates (A-),21,26,92,104,23,18,5,0,0,10,9,11,0,9,1,0,0,0,1,0,0.25,sa3010270,C
2019,C.J. Stubbs,Astros (A-),22,27,87,101,17,9,3,1,4,13,11,12,0,25,2,0,0,3,2,2,0.195402298,sa3010328,C
2019,Shea Langeliers,Braves (A),21,28,112,127,26,16,8,0,2,13,24,11,0,27,1,3,0,3,0,0,0.232142857,sa3010329,C
2019,Pedro Pages,Cardinals (A-),20,25,87,106,27,16,10,1,0,12,10,15,0,19,2,2,0,4,1,0,0.310344827,sa3010339,C
2019,Gianfranco Pena,Braves (R),19,23,67,77,19,15,2,0,2,7,12,4,0,18,4,1,1,0,0,0,0.283582089,sa3010400,C
2019,Jake Ortega,Mets (A-),22,10,25,31,7,6,1,0,0,2,3,4,0,5,0,1,1,0,1,0,0.28,sa3010402,C
2019,Cooper Johnson,Tigers (A-),21,14,47,57,11,8,3,0,0,5,6,8,0,15,1,0,1,1,0,0,0.234042553,sa3010584,C
2019,Cooper Johnson,Tigers (A),21,9,27,34,7,3,3,0,1,6,5,6,0,11,0,1,0,0,0,0,0.259259259,sa3010584,C
2019,Jesus Ordonez,Rockies (R),19,18,66,77,21,16,3,1,1,9,21,6,0,10,2,3,0,1,1,1,0.318181818,sa3010603,C
2019,Herbert Iser,Phillies (A-),21,13,44,50,6,3,1,1,1,4,4,3,0,14,1,2,0,0,2,0,0.136363636,sa3010679,C
2019,Chase Illig,Yankees (R),22,14,36,40,9,6,2,0,1,6,6,3,0,10,0,1,0,1,0,0,0.25,sa3010687,C
2019,Andrick Nava,Phillies (R),17,24,77,85,25,23,2,0,0,11,8,6,0,12,1,1,0,1,1,1,0.324675324,sa3010693,C
2019,Denzel Bryson,Braves (R),18,16,34,40,3,2,1,0,0,4,0,5,0,15,1,0,0,0,1,0,0.088235294,sa3010699,C
2019,Kyle Schmidt,Twins (R),21,9,30,34,5,4,1,0,0,4,5,2,0,7,1,1,0,0,1,0,0.166666666,sa3010707,C
2019,Vito Friscia,Phillies (R),22,22,70,83,15,8,5,0,2,10,10,10,1,21,0,3,0,0,1,0,0.214285714,sa3010712,C
2019,Harris Yett,Orioles (R),23,17,52,61,17,12,4,0,1,9,8,7,0,5,0,2,0,2,1,0,0.326923076,sa3010719,C
2019,Maverick Handley,Orioles (A-),21,19,49,57,12,9,3,0,0,11,3,6,0,20,2,0,0,0,2,1,0.244897959,sa3010848,C
2019,Cordell Dunn,Tigers (R),20,14,46,53,9,6,3,0,0,4,5,6,0,15,1,0,0,0,0,0,0.195652173,sa3010854,C
2019,Frailin Turbi,Nationals (R),18,11,37,41,11,9,2,0,0,2,7,3,0,7,0,0,1,1,0,0,0.297297297,sa3010855,C
2019,Francisco Alvarez,Mets (R),17,7,26,31,12,6,4,0,2,8,10,4,0,4,1,0,0,0,0,1,0.461538461,sa3010862,C
2019,Francisco Alvarez,Mets (R),17,15,53,61,17,13,2,0,2,11,6,5,0,17,3,0,0,0,0,0,0.320754716,sa3010862,C
2019,Bruce Wang,Phillies (R),19,12,29,34,5,3,2,0,0,3,3,4,0,7,0,0,1,1,0,0,0.172413793,sa3010871,C
2019,Lahiorne Diaz,Indians/Brewers (R),18,17,54,56,8,8,0,0,0,2,0,2,0,16,0,0,0,0,0,0,0.148148148,sa3010881,C
2019,Julio Herrera,Orioles (R),18,22,73,79,18,12,4,0,2,7,11,2,1,14,3,1,0,0,0,0,0.246575342,sa3010894,C
2019,Zade Richardson,Cardinals (R),19,15,43,53,6,5,1,0,0,5,1,8,0,17,2,0,0,0,1,1,0.139534883,sa3010901,C
2019,Javier Valdes,Braves (R),20,12,33,39,3,2,1,0,0,2,1,6,0,5,0,0,0,0,0,0,0.09090909,sa3010902,C
2019,Micah Yonamine,Phillies (R),18,15,37,41,4,2,2,0,0,3,4,4,0,18,0,0,0,0,1,0,0.108108108,sa3010905,C
2019,Aaron Antonini,Cardinals (R),20,9,24,31,5,2,1,0,2,5,7,6,0,1,1,0,0,0,0,0,0.208333333,sa3010906,C
2019,Fernando Villalobos,Mets (R),17,16,46,58,11,8,3,0,0,8,3,10,0,20,1,1,0,0,3,1,0.239130434,sa3011114,C
2019,Allan Berrios,Nationals (R),21,11,34,39,8,6,2,0,0,7,1,3,0,6,1,0,1,1,1,0,0.235294117,sa3011153,C
2019,Mason Doolittle,Nationals (R),20,10,32,38,10,3,6,0,1,4,7,5,2,14,1,0,0,1,0,0,0.3125,sa3011154,C
2019,Edwin Tordecilla,Yankees (R),20,9,28,33,6,4,2,0,0,3,1,5,0,5,0,0,0,0,0,0,0.214285714,sa3011155,C
2019,James Free,Reds (R),21,16,56,64,18,12,3,1,2,13,10,7,0,10,1,0,0,0,0,0,0.321428571,sa3011156,C
2019,Jacob Herbert,Red Sox (R),19,11,34,38,7,7,0,0,0,1,4,2,0,17,2,0,0,0,0,0,0.205882352,sa3011158,C
2019,Wyatt Mascarella,Royals (R),22,8,28,31,4,1,2,0,1,3,4,2,0,13,0,1,0,0,0,0,0.142857142,sa3011228,C
2019,Dustin Skelton,Marlins (A-),21,13,40,47,6,4,2,0,0,4,2,6,0,17,1,0,0,1,0,0,0.15,sa3011327,C
2019,Oscar Rodriguez,Diamondbacks (R),17,15,48,62,13,9,4,0,0,7,3,7,0,8,5,1,0,3,1,0,0.270833333,sa3011353,C
2019,Philip Clarke,Blue Jays (A-),21,16,63,74,17,13,2,0,2,12,6,9,0,10,2,0,0,2,0,0,0.269841269,sa3011379,C
2019,Marshall Gilbert,Pirates (R),22,9,32,34,6,5,0,1,0,5,2,2,0,16,0,0,0,0,0,0,0.1875,sa3011424,C
2019,Edison Ovalles,Reds (R),17,9,32,37,7,6,0,1,0,8,5,4,0,11,1,0,0,0,2,0,0.21875,sa3011505,C
2019,Tyler Krabbe,Astros (R),22,10,39,43,12,10,1,0,1,7,4,3,0,14,1,0,0,0,0,0,0.307692307,sa3011561,C
2019,Dashenko Ricardo,Rays (AAA),29,16,35,38,6,3,2,0,1,7,5,2,0,10,0,1,0,2,0,1,0.171428571,sa455974,C
2019,Martin Cervenka,Orioles (AA),26,46,160,179,33,28,1,0,4,14,17,13,0,55,2,4,0,3,2,0,0.20625,sa492636,C
2019,Francisco Diaz,Yankees (AA),29,13,39,51,10,10,0,0,0,6,5,10,0,10,1,0,0,0,0,0,0.256410256,sa505229,C
2019,Rodrigo Vigil,Marlins (AA),26,38,116,128,24,20,3,0,1,9,11,6,0,24,5,0,1,3,2,0,0.206896551,sa547818,C
2019,Rodrigo Vigil,Marlins (AAA),26,15,40,45,6,6,0,0,0,2,2,3,1,6,1,0,1,2,1,0,0.15,sa547818,C
2019,Webster Rivas,Padres (AAA),28,22,70,87,20,12,5,0,3,15,13,15,2,13,1,0,1,4,0,0,0.285714285,sa547912,C
2019,Webster Rivas,Padres (AA),28,30,106,119,28,23,3,1,1,14,14,8,0,23,3,2,0,4,1,0,0.264150943,sa547912,C
2019,Kellin Deglan,Yankees (AA),27,46,164,179,44,27,11,0,6,18,22,9,0,48,6,0,0,3,1,0,0.268292682,sa548189,C
2019,Roberto Pena,Angels (AA),27,20,62,74,16,12,4,0,0,7,4,11,0,11,1,0,0,3,0,0,0.258064516,sa548359,C
2019,Roberto Pena,Angels (AAA),27,32,115,129,29,17,7,0,5,19,20,14,0,23,0,0,0,2,1,0,0.252173913,sa548359,C
2019,Wynston Sawyer,Twins (AAA),27,37,131,147,35,16,17,0,2,23,19,10,0,40,6,0,0,5,0,0,0.267175572,sa548430,C
2019,Chace Numata,Tigers (AA),26,50,157,176,32,22,6,2,2,18,19,12,1,31,2,5,0,7,0,0,0.203821656,sa549139,C
2019,Yermin Mercedes,White Sox (AA),26,42,147,167,48,35,7,0,6,19,18,17,0,25,0,3,0,2,2,0,0.326530612,sa597096,C
2019,Yermin Mercedes,White Sox (AAA),26,28,101,111,30,15,6,0,9,16,33,7,1,26,2,1,0,4,0,0,0.297029702,sa597096,C
2019,Hamlet Marte,Giants (AA),25,55,174,195,33,25,5,1,2,10,18,14,0,61,2,3,1,2,2,2,0.189655172,sa597218,C
2019,Brett Austin,Giants (AA),26,22,62,76,7,6,1,0,0,4,1,12,0,31,1,0,1,1,0,0,0.112903225,sa597795,C
2019,Patrick Cantwell,Blue Jays (AAA),29,17,53,62,14,11,3,0,0,5,5,7,0,17,1,0,1,2,0,0,0.264150943,sa602546,C
2019,Nate Esposito,Royals (AAA),26,15,44,49,5,4,0,0,1,5,2,3,0,10,0,0,2,2,0,0,0.113636363,sa602817,C
2019,Nate Esposito,Royals (AA),26,13,34,37,6,2,4,0,0,1,4,1,0,10,2,0,0,0,1,0,0.176470588,sa602817,C
2019,Jin-De Jhang,Giants (AA),26,24,71,74,9,8,1,0,0,0,3,3,1,14,0,0,0,3,0,0,0.126760563,sa653546,C
2019,Arvicent Perez,Rockies (AA),25,49,151,161,39,31,7,0,1,12,17,2,0,31,1,1,6,2,3,2,0.258278145,sa655950,C
2019,Jose Godoy,Cardinals (AAA),24,13,49,52,18,11,5,0,2,9,6,3,0,9,0,0,0,1,0,0,0.367346938,sa657267,C
2019,Jose Godoy,Cardinals (AA),24,47,160,188,41,26,10,0,5,22,33,18,0,30,6,3,1,1,0,1,0.25625,sa657267,C
2019,Daniel Fajardo,Orioles (A+),24,20,62,69,9,5,3,0,1,4,5,7,0,8,0,0,0,4,0,0,0.14516129,sa657408,C
2019,Daniel Fajardo,Orioles (A),24,42,155,162,40,36,3,0,1,15,18,5,0,16,1,0,1,6,1,0,0.258064516,sa657408,C
2019,Andres Sotillo,Blue Jays (AA),25,8,28,30,4,3,1,0,0,3,1,1,0,5,0,1,0,0,0,0,0.142857142,sa657546,C
2019,Santiago Chavez,Marlins (AA),23,59,186,205,30,25,4,0,1,15,14,15,2,58,1,0,3,9,0,0,0.161290322,sa657706,C
2019,Joe DeCarlo,Mariners (AA),25,52,171,198,29,24,4,0,1,17,14,21,0,65,4,2,0,3,0,0,0.169590643,sa657935,C
2019,Ronnie Freeman,Giants (AAA),28,37,102,115,29,22,2,0,5,13,15,11,0,25,1,1,0,2,0,0,0.284313725,sa658013,C
2019,Tyler Heineman,Marlins (AAA),28,29,103,111,31,20,4,2,5,13,13,3,0,12,3,0,2,2,3,0,0.300970873,sa658108,C
2019,Tyler Heineman,Diamondbacks (AAA),28,25,80,91,26,17,5,1,3,16,13,9,0,14,2,0,0,2,0,0,0.325,sa658108,C
2019,Erick Castillo,Cubs (AAA),26,22,43,49,10,8,2,0,0,6,8,5,0,11,0,1,0,1,0,0,0.232558139,sa658211,C
2019,Erick Castillo,Cubs (AA),26,10,27,30,7,7,0,0,0,2,1,0,0,3,2,0,1,2,0,0,0.259259259,sa658211,C
2019,Chuck Moorman,Rangers (AA),25,11,34,38,9,7,0,0,2,2,3,2,0,11,0,1,1,1,0,0,0.264705882,sa658355,C
2019,Jorge Saez,Yankees (AA),28,35,112,130,18,10,3,0,5,16,17,17,0,37,0,1,0,2,0,0,0.160714285,sa658909,C
2019,Colton Plaia,Mets (AAA),28,37,107,118,15,9,5,0,1,5,8,6,2,39,1,2,2,3,0,0,0.140186915,sa658920,C
2019,Ian Rice,Cubs (AAA),25,12,39,46,10,8,0,0,2,6,6,7,0,8,0,0,0,1,0,0,0.256410256,sa658968,C
2019,Ian Rice,Cubs (AA),25,43,141,164,27,20,6,0,1,17,9,18,1,44,3,2,0,3,0,1,0.191489361,sa658968,C
2019,Mac Seibert,Rays (A+),25,16,45,50,12,12,0,0,0,3,4,4,0,15,0,1,0,0,0,1,0.266666666,sa659034,C
2019,Alberto Mineo,Blue Jays (AA),24,68,254,288,57,42,9,1,5,25,37,26,1,86,4,4,0,10,1,1,0.224409448,sa660295,C
2019,B.J. Lopez,Marlins (A+),24,20,69,70,11,10,1,0,0,2,5,1,0,14,0,0,0,1,0,0,0.159420289,sa694185,C
2019,B.J. Lopez,Marlins (AA),24,12,36,39,7,7,0,0,0,4,1,3,0,4,0,0,0,1,0,0,0.194444444,sa694185,C
2019,Cael Brockmeyer,Orioles (AA),27,9,28,32,3,2,1,0,0,3,1,2,0,8,1,1,0,0,1,0,0.107142857,sa708438,C
2019,David Rodriguez,Rays (AA),23,60,204,226,41,26,8,3,4,19,23,18,0,55,1,2,1,2,2,1,0.200980392,sa735825,C
2019,Jhonny Pereda,Cubs (AA),23,80,280,324,73,60,11,0,2,22,32,39,3,43,1,2,2,14,2,0,0.260714285,sa735866,C
2019,Andres Sthormes,Marlins (A-),22,13,35,46,7,5,0,1,1,5,5,10,0,11,1,0,0,2,0,0,0.2,sa736554,C
2019,Michael De La Cruz,Blue Jays (AAA),26,32,95,112,27,17,8,0,2,13,16,16,0,19,0,1,0,2,1,0,0.284210526,sa736830,C
2019,Carlos Sanchez,Mets (A),23,10,32,35,7,5,1,1,0,1,1,2,0,8,1,0,0,0,1,0,0.21875,sa736845,C
2019,Pabel Manzanero,Reds (A),23,86,338,352,95,59,25,1,10,34,44,8,0,77,4,2,0,9,1,0,0.281065088,sa736879,C
2019,Isaias Lucena,Red Sox (A+),24,16,49,55,8,3,5,0,0,5,2,6,0,11,0,0,0,2,0,0,0.163265306,sa736921,C
2019,Jhon Nunez,Red Sox (AA),24,61,202,223,55,39,10,1,5,24,21,12,0,38,4,0,4,5,5,3,0.272277227,sa736923,C
2019,Joel Diaz,Rockies (A+),23,37,132,146,34,25,9,0,0,12,15,12,0,41,1,1,0,5,1,1,0.257575757,sa737204,C
2019,Carlos Martinez,Braves (AA),24,42,130,148,26,22,3,0,1,9,8,12,0,24,4,0,2,10,0,0,0.2,sa737214,C
2019,Daniel Gonzalez,White Sox (A+),23,10,28,31,5,4,1,0,0,3,1,2,0,9,0,1,0,1,0,0,0.178571428,sa737255,C
2019,Robert Mullen,Athletics (A+),23,42,147,162,44,31,7,0,6,23,21,8,0,46,6,1,0,4,0,0,0.299319727,sa737644,C
2019,Dom Nunez,Rockies (AAA),24,55,189,231,48,18,14,1,15,39,36,34,1,61,5,3,0,1,2,0,0.253968253,sa737813,C
2019,Brian Navarreto,Twins (AA),24,40,130,147,23,13,5,0,5,8,16,6,0,28,3,1,6,1,0,0,0.176923076,sa737817,C
2019,Jonah Heim,Athletics (AA),24,45,165,189,47,31,12,0,4,16,31,21,2,23,2,1,0,5,0,1,0.284848484,sa737843,C
2019,Jonah Heim,Athletics (AAA),24,26,78,87,31,21,6,0,4,18,16,7,0,12,0,2,0,2,0,0,0.397435897,sa737843,C
2019,Xavier Fernandez,Royals (AAA),23,20,68,74,19,13,3,0,3,8,11,4,0,10,0,0,2,2,0,0,0.279411764,sa737922,C
2019,Xavier Fernandez,Royals (AA),23,15,51,58,10,8,0,0,2,6,6,6,0,13,1,0,0,5,1,0,0.196078431,sa737922,C
2019,Joseph Odom,Mariners (AA),27,74,258,283,55,42,10,0,3,17,23,22,0,81,2,0,1,10,1,1,0.213178294,sa738310,C
2019,Ryan Scott,Angels (A+),24,43,134,161,18,13,1,0,4,20,12,22,0,53,3,0,2,6,0,0,0.134328358,sa738447,C
2019,Ryan Scott,Angels (AAA),24,11,41,43,11,7,3,0,1,7,5,2,0,10,0,0,0,0,0,0,0.268292682,sa738447,C
2019,Chris Okey,Reds (AAA),24,9,33,33,4,3,1,0,0,2,3,0,0,13,0,0,0,1,0,0,0.121212121,sa738505,C
2019,Chris Okey,Reds (AA),24,38,117,131,27,15,5,1,6,17,20,12,0,39,1,0,1,2,0,0,0.23076923,sa738505,C
2019,Edgar Cabral,Phillies (A+),23,21,71,79,14,5,5,0,4,6,11,6,0,19,0,2,0,1,0,0,0.197183098,sa738507,C
2019,Morgan Lofstrom,Reds (A),23,43,140,150,33,20,9,2,2,16,12,4,0,50,3,1,2,0,0,0,0.235714285,sa738557,C
2019,John Riley,Giants (A+),25,40,132,149,28,18,6,0,4,18,7,13,0,55,2,0,2,3,3,0,0.212121212,sa738650,C
2019,Cooper Goldby,Athletics (AA),24,14,46,50,3,3,0,0,0,1,0,3,0,22,1,0,0,1,0,0,0.065217391,sa738676,C
2019,Cooper Goldby,Athletics (A),24,10,29,33,5,4,1,0,0,1,2,4,0,7,0,0,0,1,1,0,0.172413793,sa738676,C
2019,Jake Romanski,Red Sox (AA),28,29,89,96,19,16,3,0,0,9,3,3,0,24,1,1,2,3,0,1,0.213483146,sa738897,C
2019,Harrison Wenson,Angels (A),24,61,200,241,37,13,16,0,8,33,34,36,0,90,4,1,0,2,1,1,0.185,sa738936,C
2019,Caleb Hamilton,Twins (AA),24,75,256,293,57,36,14,2,5,32,33,32,0,74,3,2,0,7,7,5,0.22265625,sa738961,C
2019,Dominic Miroglio,Diamondbacks (AA),24,47,146,164,34,24,8,0,2,15,12,17,1,26,1,0,0,3,0,0,0.232876712,sa739013,C
2019,Julian Leon,Angels (AA),23,52,161,199,28,16,9,0,3,19,18,30,0,70,5,2,1,8,0,0,0.173913043,sa739577,C
2019,Deivy Grullon,Phillies (AAA),23,83,316,351,91,58,20,0,13,41,58,31,0,96,1,3,0,4,1,0,0.287974683,sa739661,C
2019,Jesus Atencio,Royals (R),22,15,55,63,11,8,2,0,1,6,7,6,0,13,0,0,2,1,1,0,0.2,sa740126,C
2019,Alexander Alvarez,Brewers (AA),22,33,99,113,22,17,5,0,0,9,9,12,1,34,0,1,1,1,0,0,0.222222222,sa826656,C
2019,Rene Pinto,Rays (AA),22,63,211,237,44,29,13,0,2,18,22,22,0,58,3,1,0,3,1,2,0.208530805,sa826668,C
2019,Elys Escobar,Pirates (A-),22,9,31,33,5,2,2,0,1,4,2,2,1,13,0,0,0,1,0,1,0.161290322,sa827077,C
2019,Patrick Mazeika,Mets (AA),25,85,307,344,79,46,20,1,12,40,57,28,0,60,4,5,0,11,0,0,0.25732899,sa827167,C
2019,Taylor Gushue,Nationals (AAA),25,59,203,224,63,38,15,1,9,23,31,17,1,47,1,3,0,6,0,0,0.310344827,sa827360,C
2019,Melvin Novoa,Rangers (A),23,57,203,226,57,32,18,0,7,26,31,17,0,44,3,3,0,3,1,1,0.280788177,sa827953,C
2019,Melvin Novoa,Rangers (A+),23,17,63,67,9,7,2,0,0,3,7,2,0,11,2,0,0,0,0,0,0.142857142,sa827953,C
2019,Jerry Seitz,Yankees (A-),24,18,53,56,12,10,2,0,0,1,6,1,0,12,0,1,1,1,0,0,0.226415094,sa827965,C
2019,Ali Sanchez,Mets (AA),22,71,270,294,75,61,13,0,1,28,30,23,3,52,1,0,0,14,1,0,0.277777777,sa828198,C
2019,Jean Carrillo,Orioles (A+),22,55,188,212,38,35,3,0,0,17,15,20,0,63,2,1,1,8,1,0,0.202127659,sa828250,C
2019,Keinner Pina,Angels (A+),22,16,52,60,9,8,1,0,0,1,1,7,2,10,1,0,0,4,0,0,0.173076923,sa828363,C
2019,Keinner Pina,Angels (A),22,14,48,55,10,9,0,0,1,5,6,5,0,10,1,1,0,3,0,0,0.208333333,sa828363,C
2019,Alexis Wilson,Cardinals (A),22,35,122,133,35,27,6,0,2,11,12,7,0,20,2,2,0,5,0,0,0.286885245,sa828380,C
2019,Dennis Ortega,Cardinals (A+),22,40,142,149,32,26,5,0,1,11,6,6,0,30,0,0,1,3,0,0,0.225352112,sa828381,C
2019,Hendrik Clementina,Reds (A+),22,68,251,270,58,37,11,0,10,21,33,13,0,74,4,2,0,5,0,0,0.231075697,sa828422,C
2019,Rafelin Lorenzo,Cubs (A),22,45,150,158,40,24,13,0,3,13,12,5,0,26,0,2,1,6,0,0,0.266666666,sa828432,C
2019,Eduardo Navas,Yankees (A),23,48,139,166,20,17,3,0,0,16,12,14,1,49,7,1,5,3,0,0,0.143884892,sa828438,C
2019,Yohel Pozo,Rangers (A+),22,79,285,307,73,53,14,0,6,31,34,13,0,24,3,6,0,5,6,1,0.25614035,sa828445,C
2019,Carlos Canelon,Astros (AA),24,9,29,33,10,8,0,0,2,6,6,2,0,7,1,1,0,0,0,0,0.344827586,sa828522,C
2019,Carlos Perez,White Sox (A+),22,67,235,256,62,51,9,0,2,34,28,16,0,21,2,3,0,10,0,0,0.263829787,sa828577,C
2019,Chase Vallot,Royals (A),22,66,226,267,43,20,10,3,10,25,32,25,0,126,13,2,1,1,0,1,0.190265486,sa828684,C
2019,Jakson Reetz,Nationals (A+),23,72,239,289,66,42,13,2,9,44,41,36,0,68,12,1,1,2,3,0,0.276150627,sa828796,C
2019,Max George,Rockies (R),23,17,60,74,14,8,2,0,4,12,12,12,0,14,1,0,0,1,2,0,0.233333333,sa829010,C
2019,Mac James,Rays (AAA),26,56,164,187,34,26,4,0,4,20,15,20,0,42,1,2,0,8,1,1,0.207317073,sa829039,C
2019,Jamie Ritchie,Astros (AAA),26,61,192,229,49,29,16,0,4,35,27,31,0,43,3,3,0,10,1,0,0.255208333,sa829058,C
2019,Chris Rabago,Rockies (AAA),26,8,32,33,7,3,2,0,2,5,7,1,0,8,0,0,0,2,0,1,0.21875,sa829062,C
2019,Chris Rabago,Rockies (AA),26,41,128,155,24,14,9,0,1,11,9,23,2,36,1,0,3,2,7,2,0.1875,sa829062,C
2019,Brian O'Keefe,Cardinals (AA),25,68,231,266,55,37,9,0,9,28,31,30,0,52,3,2,0,2,1,0,0.238095238,sa829152,C
2019,Michael Papierski,Astros (A+),23,85,297,349,71,53,10,1,7,46,30,43,0,84,7,1,1,5,2,6,0.239057239,sa829203,C
2019,Isaias Quiroz,Rangers (A),22,19,54,64,6,5,1,0,0,1,2,7,0,23,2,0,1,2,0,0,0.111111111,sa829275,C
2019,Gianpaul Gonzalez,Indians (A),23,10,31,32,2,2,0,0,0,0,0,1,0,11,0,0,0,1,0,0,0.064516129,sa829276,C
2019,Ruben Castro,Astros (A),22,17,51,66,13,10,3,0,0,10,4,13,0,15,0,2,0,0,4,0,0.25490196,sa829293,C
2019,Jordan Procyshen,Dodgers (AA),26,10,36,38,6,4,1,0,1,4,2,2,0,6,0,0,0,0,0,0,0.166666666,sa829345,C
2019,Jordan Procyshen,Dodgers (A+),26,13,48,51,11,3,4,1,3,10,13,1,0,6,0,2,0,1,0,0,0.229166666,sa829345,C
2019,Zacrey Law,Rays (A+),22,12,39,44,6,4,2,0,0,4,3,2,0,13,2,1,0,0,1,0,0.153846153,sa829413,C
2019,Sal Giardina,Braves (AAA),27,23,73,85,19,12,6,0,1,9,5,4,0,22,7,1,0,1,0,0,0.260273972,sa829575,C
2019,Mike Rivera,Indians (A+),23,54,174,200,34,19,11,1,3,21,20,19,0,39,5,1,1,8,1,1,0.195402298,sa829667,C
2019,Chris Hudgins,Royals (A),23,22,84,95,24,15,2,2,5,19,22,7,0,25,2,2,0,0,1,0,0.285714285,sa829684,C
2019,Tim Susnara,Diamondbacks (A),23,13,44,52,7,7,0,0,0,8,4,7,0,12,0,1,0,1,0,0,0.159090909,sa829699,C
2019,Tim Susnara,Diamondbacks (A+),23,45,153,169,28,21,2,1,4,14,17,15,0,49,0,1,0,3,2,0,0.183006535,sa829699,C
2019,Evan Skoug,White Sox (A),23,18,64,75,11,6,3,1,1,6,3,11,0,21,0,0,0,1,1,0,0.171875,sa829713,C
2019,Evan Skoug,White Sox (A+),23,30,92,107,16,6,4,1,5,10,18,15,0,32,0,0,0,0,1,0,0.173913043,sa829713,C
2019,Riley Adams,Blue Jays (A+),23,19,65,83,18,12,3,0,3,12,12,14,0,18,4,0,0,1,1,0,0.276923076,sa829749,C
2019,Riley Adams,Blue Jays (AA),23,59,208,241,52,33,12,2,5,29,28,23,0,78,7,3,0,2,2,0,0.25,sa829749,C
2019,Scott Manea,Astros (A+),23,77,254,294,57,39,11,0,7,28,35,20,0,66,17,3,0,3,1,3,0.224409448,sa829837,C
2019,Li-Jen Chu,Indians (AA),25,60,210,231,48,31,12,0,5,19,25,16,1,68,3,2,0,4,0,0,0.228571428,sa830277,C
2019,Jose Herrera,Diamondbacks (A),22,51,169,208,47,29,13,1,4,23,28,35,1,33,0,4,0,6,2,1,0.278106508,sa830295,C
2019,Jose Herrera,Diamondbacks (A+),22,15,53,65,10,7,3,0,0,3,6,8,0,14,2,2,0,1,0,0,0.188679245,sa830295,C
2019,Franklin Torres,Angels (A+),22,82,311,363,81,61,16,2,2,40,27,46,3,93,3,2,1,9,1,1,0.26045016,sa830300,C
2019,Jesus Lopez,Blue Jays (A-),22,15,58,62,16,12,4,0,0,5,7,2,0,13,0,2,0,4,0,0,0.275862068,sa830306,C
2019,Eric Gonzalez,Cubs (A),22,43,133,152,29,25,3,1,0,12,23,14,0,29,1,2,2,1,0,0,0.218045112,sa831146,C
2019,Oscar Campos,Astros (A),22,31,120,126,32,28,3,0,1,13,18,5,0,18,1,0,0,5,1,0,0.266666666,sa831986,C
2019,Gavin Collins,Indians (A+),23,71,235,267,65,44,15,1,5,27,47,23,0,35,3,5,1,7,0,2,0.276595744,sa857219,C
2019,Jason Delay,Pirates (AA),24,49,175,191,46,29,11,1,5,16,28,11,1,47,3,2,0,7,1,0,0.262857142,sa857222,C
2019,Brian Serven,Rockies (AA),24,56,177,195,35,22,8,0,5,22,13,12,0,45,4,0,2,5,1,2,0.197740112,sa857231,C
2019,Ryan Hissey,Blue Jays (AA),25,12,40,47,9,7,1,0,1,7,2,6,0,14,1,0,0,1,1,1,0.225,sa857726,C
2019,Marcus Mastrobuoni,Cubs (A),25,23,81,88,18,9,8,0,1,12,9,5,0,16,2,0,0,3,0,0,0.222222222,sa857732,C
2019,Nick Sciortino,Red Sox (A+),23,51,151,175,24,17,4,1,2,11,12,18,0,64,3,2,1,9,0,2,0.158940397,sa857749,C
2019,Tres Barrera,Nationals (AA),24,78,278,312,75,50,19,0,6,31,35,26,1,51,4,3,1,5,1,2,0.269784172,sa857852,C
2019,Danny Zardon,Cubs (A-),24,12,37,45,6,3,3,0,0,4,0,7,0,7,1,0,0,1,0,0,0.162162162,sa858049,C
2019,Matt Winn,Giants (AA),26,23,63,71,7,5,1,0,1,6,3,8,2,26,0,0,0,1,0,0,0.111111111,sa858059,C
2019,Arden Pabst,Pirates (AA),24,57,197,212,41,27,9,2,3,15,20,7,2,58,2,3,3,4,0,2,0.208121827,sa858812,C
2019,Lenin Rodriguez,Orioles (A-),21,14,32,39,4,4,0,0,0,2,2,5,0,4,1,1,0,3,1,0,0.125,sa871435,C
2019,Gustavo Polanco,Cubs (A),22,25,79,86,17,14,1,0,2,5,5,5,0,19,1,1,0,3,0,0,0.215189873,sa871442,C
2019,Jose Rivas,Athletics (A-),20,32,109,125,21,15,4,1,1,12,11,12,0,25,4,0,0,0,0,0,0.19266055,sa872495,C
2019,Jorge Gordon,Athletics (A-),21,10,35,37,5,4,1,0,0,1,1,1,0,15,0,0,1,0,0,0,0.142857142,sa872496,C
2019,Keibert Ruiz,Dodgers (AA),20,76,276,310,70,57,9,0,4,33,25,28,2,21,4,2,0,10,0,0,0.253623188,sa872528,C
2019,Jeans Flores,Angels (R),21,19,60,71,16,12,2,0,2,4,9,7,1,15,2,2,0,1,0,1,0.266666666,sa872541,C
2019,Jason Lopez,Yankees (A+),21,58,183,205,37,26,9,0,2,21,22,17,0,50,1,4,0,2,2,0,0.202185792,sa872552,C
2019,Juan Uriarte,Mets (A),21,50,175,185,35,24,8,0,3,18,16,5,0,50,4,1,0,4,0,0,0.2,sa872569,C
2019,Andres Angulo,Giants (A),21,59,204,220,41,30,9,0,2,19,14,10,0,54,3,0,3,7,1,1,0.200980392,sa872806,C
2019,Javier Guevara,Rockies (A),21,45,161,170,32,23,9,0,0,19,14,6,0,34,1,1,1,6,0,0,0.198757763,sa872828,C
2019,William Contreras,Braves (AA),21,37,117,131,25,20,3,0,2,14,13,11,0,19,2,1,0,6,0,0,0.213675213,sa872847,C
2019,William Contreras,Braves (A+),21,50,190,207,50,36,11,0,3,26,22,14,2,44,3,0,0,11,0,0,0.263157894,sa872847,C
2019,Raul Hernandez,Pirates (A+),23,64,214,231,53,39,14,0,0,24,18,11,0,45,4,1,1,4,1,1,0.247663551,sa873181,C
2019,Carlos Gallardo,Yankees (A-),22,17,43,50,8,5,3,0,0,5,4,7,0,16,0,0,0,0,0,0,0.186046511,sa873206,C
2019,Andres Guerra,Blue Jays (R),22,19,67,79,13,10,2,0,1,12,11,10,0,20,2,0,0,1,0,1,0.19402985,sa873330,C
2019,Stevie Berman,Dodgers (AA),24,9,27,32,10,9,0,0,1,6,4,4,0,7,0,1,0,1,0,0,0.37037037,sa873599,C
2019,Stevie Berman,Dodgers (A+),24,21,61,72,18,10,4,1,3,8,13,9,0,14,0,1,1,5,2,0,0.295081967,sa873599,C
2019,Michael Hernandez,Marlins (A+),24,19,61,68,10,7,3,0,0,2,0,5,0,26,1,0,1,0,0,1,0.163934426,sa873626,C
2019,Michael Hernandez,Marlins (A-),24,16,52,55,9,5,2,0,2,2,4,2,0,22,1,0,0,0,0,0,0.173076923,sa873626,C
2019,Sean Murphy,Athletics (AAA),24,23,89,106,32,18,6,1,7,22,22,12,0,22,2,3,0,1,0,1,0.359550561,sa873680,C
2019,Dan Rizzie,Mets (A+),25,29,89,98,23,19,3,0,1,5,8,9,0,21,0,0,0,2,1,1,0.258426966,sa873964,C
2019,Connor Wong,Dodgers (AA),23,13,49,51,11,6,4,1,0,3,4,1,0,16,0,1,0,4,1,0,0.224489795,sa873978,C
2019,Connor Wong,Dodgers (A+),23,71,274,302,67,31,15,6,15,39,51,21,0,93,4,2,1,2,9,2,0.244525547,sa873978,C
2019,Tyler Stephenson,Reds (AA),22,70,241,280,64,46,12,1,5,36,33,29,0,47,6,4,0,6,0,0,0.265560165,sa874242,C
2019,Chris Betts,Rays (A),22,88,324,383,72,41,13,1,17,50,64,51,1,100,6,2,0,4,3,0,0.222222222,sa874791,C
2019,Kade Scivicque,Tigers (AA),26,28,104,114,36,20,11,0,5,11,18,7,2,17,2,1,0,4,0,0,0.346153846,sa875053,C
2019,Kade Scivicque,Tigers (AAA),26,16,55,61,15,9,4,0,2,9,6,5,0,12,1,0,0,2,0,0,0.272727272,sa875053,C
2019,Donny Sands,Yankees (A+),23,53,172,189,36,28,7,0,1,11,15,15,0,40,1,1,0,7,0,1,0.209302325,sa875201,C
2019,Alexis Olmeda,Angels (A+),25,22,86,91,18,12,3,0,3,5,7,5,0,35,0,0,0,1,1,0,0.209302325,sa875281,C
2019,Alexis Olmeda,Angels (A),25,31,107,122,20,16,2,0,2,14,15,13,0,40,1,1,0,4,0,0,0.186915887,sa875281,C
2019,P.J. Higgins,Cubs (AAA),26,13,47,56,11,5,3,1,2,8,5,7,0,13,0,2,0,2,0,0,0.234042553,sa875573,C
2019,P.J. Higgins,Cubs (AA),26,72,268,299,74,59,10,0,5,31,38,25,0,51,2,4,0,4,5,2,0.276119402,sa875573,C
2019,Christian Kelley,Pirates (AAA),25,59,185,206,34,22,7,1,4,20,13,15,0,56,2,2,2,3,0,0,0.183783783,sa875583,C
2019,Max McDowell,Brewers (AA),25,69,205,252,44,30,11,0,3,25,14,29,1,43,11,2,5,3,2,0,0.214634146,sa875626,C
2019,Austin Bossart,Phillies (AA),25,63,200,236,39,25,7,0,7,27,28,30,0,47,2,2,2,7,2,0,0.195,sa875667,C
2019,Nick Dini,Royals (AAA),25,54,175,201,52,30,11,0,11,32,33,20,1,29,2,2,2,4,6,2,0.297142857,sa875718,C
2019,Josh Rolette,Indians (A),23,45,148,173,26,17,8,1,0,10,16,19,0,41,3,2,1,2,0,1,0.175675675,sa875776,C
2019,Jonathan Morales,Braves (AA),24,37,126,146,26,20,6,0,0,9,11,14,0,18,1,3,2,3,0,0,0.206349206,sa875808,C
2019,Jonathan Morales,Braves (AAA),24,27,99,110,27,20,5,0,2,15,9,10,0,20,0,1,0,3,0,0,0.272727272,sa875808,C
2019,Jordan Devencenzi,Athletics (A+),26,55,170,191,40,34,5,0,1,15,18,11,0,49,5,3,2,9,0,0,0.235294117,sa875840,C
2019,Stuart Levy,Orioles (A+),26,29,91,100,17,11,6,0,0,8,6,9,0,31,0,0,0,2,1,0,0.186813186,sa875870,C
2019,Mitch Ghelfi,Mets (A+),26,43,132,154,34,30,2,1,1,19,17,17,0,38,0,3,2,1,3,0,0.257575757,sa875890,C
2019,Tyler Payne,Cubs (A+),26,72,254,276,65,41,15,1,8,29,30,15,0,48,5,2,0,6,0,0,0.255905511,sa876024,C
2019,A.J. Kennedy,Padres (AAA),25,9,33,34,5,1,1,0,3,5,5,1,0,14,0,0,0,0,0,0,0.151515151,sa876029,C
2019,A.J. Kennedy,Padres (AA),25,10,34,38,4,2,2,0,0,2,2,3,0,13,0,0,1,0,0,0,0.117647058,sa876029,C
2019,Collin Theroux,Athletics (AA),25,69,221,264,42,22,11,0,9,34,29,37,0,128,3,2,1,2,0,0,0.190045248,sa876102,C
2019,Michael Hickman,White Sox (A),22,47,155,171,29,16,7,0,6,17,19,10,0,47,5,0,1,0,0,0,0.187096774,sa876234,C
2019,Juan Camacho,Mariners (A-),23,20,71,74,9,8,1,0,0,3,3,3,1,21,0,0,0,3,0,0,0.126760563,sa877333,C
2019,Ricardo Rodriguez,Braves (A),21,53,186,207,44,34,10,0,0,19,19,13,0,41,4,3,1,6,0,0,0.236559139,sa877334,C
2019,Jhoandro Alfaro,White Sox (A),21,24,74,83,11,8,1,1,1,6,6,5,0,25,2,0,2,1,3,0,0.148648648,sa877352,C
2019,Rodolfo Duran,Phillies (A+),21,66,233,245,56,39,10,1,6,25,23,10,0,53,1,1,0,2,0,0,0.240343347,sa877500,C
2019,Ronaldo Hernandez,Rays (A+),21,78,293,319,81,57,14,3,7,32,44,13,0,49,5,7,0,8,6,0,0.276450511,sa881850,C
2019,Carlos Soto,Cardinals (A-),20,30,116,135,29,18,6,1,4,15,23,14,0,35,1,4,0,2,0,0,0.25,sa900974,C
2019,Logan Ice,Indians (AA),24,58,184,210,34,26,3,1,4,18,18,20,0,58,3,1,2,5,0,0,0.184782608,sa913305,C
2019,Brett Cumberland,Orioles (AA),24,28,92,111,22,14,6,0,2,15,15,14,0,26,5,0,0,6,0,0,0.239130434,sa915611,C
2019,Brett Cumberland,Orioles (A+),24,11,32,39,10,4,5,0,1,6,2,3,0,5,4,0,0,1,0,0,0.3125,sa915611,C
2019,Colby Fitch,Phillies (A+),23,27,85,106,19,14,4,1,0,15,9,15,0,20,4,2,0,2,3,0,0.223529411,sa915614,C
2019,Deon Stafford,Pirates (A+),23,59,202,237,49,34,7,2,6,25,25,28,0,66,2,2,2,1,1,1,0.242574257,sa915865,C
2019,Matt Whatley,Rangers (A),23,91,299,365,66,49,13,1,3,41,40,55,1,65,4,4,3,3,21,3,0.220735785,sa915868,C
2019,Luis Avalo,Brewers (R),20,28,101,106,22,13,6,0,3,10,16,1,0,28,4,0,0,2,1,0,0.217821782,sa916731,C
2019,Ricardo Genoves,Giants (A-),20,31,126,141,31,17,6,1,7,17,29,11,0,24,3,1,0,2,0,0,0.246031746,sa916844,C
2019,Carlos Narvaez,Yankees (A-),20,22,77,87,20,17,2,0,1,8,10,8,0,10,1,1,0,3,0,0,0.259740259,sa916966,C
2019,Ysaac Pena,Angels (R),21,29,111,123,30,19,7,1,3,16,19,10,0,15,0,2,0,3,2,3,0.27027027,sa916967,C
2019,Janigson Villalobos,Twins (R),22,15,51,55,11,6,2,0,3,9,9,3,0,13,1,0,0,3,0,0,0.215686274,sa916988,C
2019,Pedro Hurtado,Tigers (R),20,10,31,33,7,7,0,0,0,1,5,2,0,9,0,0,0,0,0,0,0.225806451,sa917003,C
2019,Gresuan Silverio,Tigers (A-),20,17,54,68,10,8,1,0,1,7,3,12,1,20,1,1,0,3,0,0,0.185185185,sa917004,C
2019,Sebastian Rivero,Royals (A+),20,70,225,254,49,35,12,1,1,18,21,17,0,58,5,5,2,9,1,1,0.217777777,sa917021,C
2019,Carlos Reina,Reds (R),20,22,70,85,13,3,10,0,0,13,8,15,0,17,0,0,0,1,2,0,0.185714285,sa917054,C
2019,Kleiber Rodriguez,Red Sox (R),20,13,28,33,7,5,2,0,0,2,9,4,0,11,1,0,0,0,0,0,0.25,sa917072,C
2019,Roberto Alvarez,Rays (A),19,80,301,324,79,62,12,2,3,26,33,15,0,54,4,3,1,10,2,0,0.262458471,sa917107,C
2019,Rafael Marchan,Phillies (A),20,63,236,265,64,48,16,0,0,21,20,24,1,31,4,1,0,5,1,3,0.27118644,sa917160,C
2019,Yeremi De La Cruz,Twins (R),21,8,27,32,6,4,2,0,0,0,6,5,0,8,0,0,0,0,0,0,0.222222222,sa917170,C
2019,Luvin Valbuena,Diamondbacks (R),20,25,87,94,14,10,4,0,0,11,6,6,0,35,1,0,0,1,1,1,0.16091954,sa917188,C
2019,Jose Sibrian,Brewers (R),20,26,87,98,19,13,5,0,1,13,5,7,0,30,2,0,2,1,1,0,0.218390804,sa917196,C
2019,Jair Camargo,Dodgers (A),19,59,219,244,52,34,14,0,4,30,32,19,0,68,3,3,0,5,4,3,0.237442922,sa917333,C
2019,Miguel Amaya,Cubs (A+),20,75,258,309,61,36,17,0,8,37,41,38,0,54,9,4,0,12,2,0,0.236434108,sa917354,C
2019,Francisco Ventura,Rangers (A-),20,13,41,48,11,11,0,0,0,3,0,5,0,7,2,0,0,0,0,1,0.268292682,sa917360,C
2019,Luis Leon,Rays (R),20,32,130,138,45,31,10,1,3,20,24,7,0,30,0,1,0,4,0,0,0.346153846,sa917463,C
2019,Gioser Tejeda,Rays (R),21,22,67,77,10,7,2,0,1,8,7,9,0,14,1,0,0,1,0,0,0.149253731,sa917466,C
2019,Luis Arcaya,Marlins (R),20,9,26,31,8,3,4,0,1,4,10,3,0,4,2,0,0,0,0,0,0.307692307,sa917492,C
2019,Andres Regnault,Mets (R),20,21,84,90,24,17,3,0,4,10,20,3,0,17,1,2,0,3,0,2,0.285714285,sa917499,C
2019,Julio Rodriguez,Cardinals (A+),22,70,266,285,73,52,14,0,7,28,31,16,2,52,2,1,0,11,0,0,0.27443609,sa917669,C
2019,Marco Hernandez,Dodgers (R),21,20,71,84,23,19,1,2,1,19,13,10,0,16,2,1,0,2,0,0,0.323943661,sa917737,C
2019,Juan Fernandez,Padres (A),20,42,144,159,39,28,8,2,1,17,25,10,0,24,4,1,0,2,2,0,0.270833333,sa917824,C
2019,Andy Yerzy,Diamondbacks (A),20,33,125,136,13,8,5,0,0,8,5,9,0,39,2,0,0,4,0,0,0.104,sa917939,C
2019,Ben Rortvedt,Twins (A+),21,24,80,94,19,8,8,1,2,13,10,12,0,16,1,1,0,3,0,0,0.2375,sa917942,C
2019,Ben Rortvedt,Twins (AA),21,50,179,204,43,31,7,0,5,17,17,20,3,47,4,1,0,4,0,0,0.240223463,sa917942,C
2019,Mario Feliciano,Brewers (A+),20,99,373,409,98,61,19,3,15,49,69,25,0,121,5,6,0,6,2,1,0.262734584,sa917954,C
2019,Payton Henry,Brewers (A+),22,98,348,390,82,53,18,1,10,40,58,23,0,114,17,2,0,16,1,1,0.235632183,sa918019,C
2019,Henri Lartigue,Phillies (AA),24,55,168,204,24,16,1,1,6,16,19,33,0,62,0,2,1,3,1,1,0.142857142,sa918028,C
2019,Sam Huff,Rangers (A),21,30,108,114,36,16,5,0,15,22,29,6,1,37,0,0,0,0,4,1,0.333333333,sa918046,C
2019,Sam Huff,Rangers (A+),21,67,247,274,70,45,13,2,10,34,34,17,2,73,8,2,0,9,2,4,0.283400809,sa918046,C
2019,Michael Cruz,Angels (A+),23,18,62,69,18,10,6,0,2,5,7,5,0,13,1,1,0,1,0,0,0.29032258,sa918049,C
2019,Nate Nolan,White Sox (AA),24,31,99,109,14,5,5,0,4,9,11,7,0,43,2,1,0,2,0,0,0.141414141,sa918101,C
2019,Alan Marrero,Red Sox (A),21,50,175,195,38,23,9,0,6,17,20,20,0,67,0,0,0,1,0,1,0.217142857,sa918102,C
2019,Ryan January,Diamondbacks (A-),22,13,40,51,13,9,3,0,1,6,5,8,0,11,2,1,0,0,1,0,0.325,sa918104,C
2019,Mitchell Kranson,Twins (AA),25,35,120,134,26,20,2,0,4,15,16,10,0,19,2,0,2,5,0,0,0.216666666,sa918156,C
2019,Freddy Fermin,Royals (A),24,54,209,226,55,35,11,0,9,37,30,14,0,37,1,1,1,5,2,0,0.263157894,sa918173,C
2019,Freddy Fermin,Royals (AA),24,14,50,50,15,10,3,0,2,7,5,0,0,11,0,0,0,2,0,2,0.3,sa918173,C
2019,Alex Kowalczyk,Rangers (AA),25,44,146,157,37,31,3,0,3,18,13,8,0,47,2,1,0,1,1,1,0.253424657,sa918272,C
2019,Brady Policelli,Tigers (A+),24,96,363,401,91,58,15,8,10,51,44,30,0,89,6,2,0,9,15,4,0.250688705,sa918279,C
2019,Austin Athmann,Tigers (A+),24,13,52,53,10,7,2,0,1,6,3,1,0,18,0,0,0,2,0,0,0.192307692,sa918297,C
2019,Lyle Lin,Diamondbacks (A-),22,16,57,64,12,11,1,0,0,5,5,4,0,6,2,1,0,1,0,0,0.210526315,sa918343,C
2019,Kidany Salva,Twins (R),20,13,42,50,9,8,0,0,1,3,5,3,0,12,4,1,0,1,0,0,0.214285714,sa918375,C
2019,Skyler Weber,Athletics (A),24,73,240,271,52,32,16,0,4,30,28,24,0,62,3,1,2,6,5,2,0.216666666,sa918416,C
2019,Jack Kruger,Angels (AA),24,75,280,308,68,52,13,1,2,25,24,22,1,56,5,1,0,7,2,2,0.242857142,sa918429,C
2019,Chuckie Robinson,Astros (AA),24,79,284,316,62,43,12,0,7,26,29,23,0,93,6,3,0,5,5,1,0.218309859,sa918471,C
2019,Clayton Middleton,Rangers (A+),25,19,62,68,10,7,2,0,1,4,3,4,0,28,1,0,1,2,1,1,0.161290322,sa918510,C
2019,Jeffry Parra,Giants (A),21,50,168,194,27,14,8,0,5,15,17,20,0,55,5,0,1,4,0,0,0.160714285,sa918541,C
2019,Charlie Madden,Red Sox (A+),23,37,125,136,28,22,6,0,0,12,19,5,0,47,3,2,1,3,1,0,0.224,sa918568,C
2019,Ryan Gold,Blue Jays (A),21,76,280,314,70,41,22,3,4,27,40,23,0,63,8,3,0,8,3,2,0.25,sa918639,C
2019,Brandon Martorano,Giants (A-),21,12,41,48,11,8,1,0,2,8,7,6,0,15,0,0,1,1,1,0,0.268292682,sa918686,C
2019,Ramon Rodriguez,Dodgers (R),20,18,59,67,14,8,5,0,1,5,8,7,0,13,0,1,0,4,0,0,0.237288135,sa918698,C
2019,Joey Roach,Rays (A+),25,30,82,95,18,14,2,1,1,9,8,8,0,13,4,0,1,2,1,1,0.219512195,sa918726,C
2019,Eli Wilson,Pirates (R),20,25,86,106,19,14,2,0,3,16,12,12,0,19,6,1,1,5,1,0,0.220930232,sa918961,C
2019,Nick Thurman,Mariners (A+),25,51,165,186,28,20,6,0,2,15,8,14,0,72,3,0,4,2,4,1,0.169696969,sa919821,C
2019,Jose Mena,Mets (A-),22,17,54,58,14,10,2,1,1,7,8,3,0,12,1,0,0,0,0,0,0.259259259,sa919893,C
2019,Gerry Castillo,Astros (R),21,11,27,33,7,4,3,0,0,3,7,6,0,6,0,0,0,0,2,0,0.259259259,sa920033,C
2019,Saul Torres,Yankees (R),20,29,105,121,25,14,5,0,6,13,22,15,0,41,1,0,0,0,1,0,0.238095238,sa923363,C
2019,Victor De Hoyos,Braves (R),21,20,77,84,12,4,7,0,1,6,4,5,0,12,2,0,0,0,0,0,0.155844155,sa930082,C
